VendorID,lpep_pickup_datetime,lpep_dropoff_datetime,store_and_fwd_flag,RatecodeID,PULocationID,DOLocationID,passenger_count,trip_distance,fare_amount,extra,mta_tax,tip_amount,tolls_amount,ehail_fee,improvement_surcharge,total_amount,payment_type,trip_type,congestion_surcharge,month,LocationID,Borough,Zone,service_zone
2,2023-01-11 15:00:00,01/11/2023 03:09:00 PM,,,61,61,,2645.65,12.18,0.0,0.0,2.64,0.0,,1.0,15.82,,,,1,61,Brooklyn,Crown Heights North,Boro Zone
2,2023-01-08 21:28:27,01/08/2023 09:41:43 PM,N,1.0,97,114,5.0,3.39,17.7,1.0,0.5,6.88,0.0,,1.0,29.83,1.0,1.0,2.75,1,97,Brooklyn,Fort Greene,Boro Zone
1,2023-01-24 19:40:02,01/24/2023 09:16:29 PM,N,1.0,55,55,1.0,8.0,80.7,2.5,0.5,0.0,0.0,,0.3,84.0,2.0,1.0,0.0,1,55,Brooklyn,Coney Island,Boro Zone
2,2023-01-04 17:32:26,01/04/2023 05:45:37 PM,N,1.0,97,49,1.0,1.09,12.1,2.5,0.5,3.22,0.0,,1.0,19.32,1.0,1.0,0.0,1,97,Brooklyn,Fort Greene,Boro Zone
2,2023-01-07 22:42:49,01/07/2023 10:52:30 PM,N,1.0,255,80,1.0,1.58,11.4,1.0,0.5,1.5,0.0,,1.0,15.4,1.0,1.0,0.0,1,255,Brooklyn,Williamsburg (North Side),Boro Zone
2,2023-01-06 18:44:58,01/06/2023 06:54:52 PM,N,1.0,65,97,1.0,1.35,10.7,2.5,0.5,2.94,0.0,,1.0,17.64,1.0,1.0,0.0,1,65,Brooklyn,Downtown Brooklyn/MetroTech,Boro Zone
2,2023-01-09 13:36:31,01/09/2023 01:54:38 PM,N,1.0,97,144,1.0,3.11,19.8,0.0,0.5,4.67,0.0,,0.3,28.02,1.0,1.0,2.75,1,97,Brooklyn,Fort Greene,Boro Zone
2,2023-01-21 20:46:00,01/21/2023 08:54:00 PM,,,80,255,,0.63,12.87,0.0,0.0,1.0,0.0,,1.0,14.87,,,,1,80,Brooklyn,East Williamsburg,Boro Zone
2,2023-01-14 19:29:20,01/14/2023 07:43:26 PM,N,1.0,97,225,1.0,2.64,15.6,0.0,0.5,0.0,0.0,,1.0,17.1,2.0,1.0,0.0,1,97,Brooklyn,Fort Greene,Boro Zone
1,2023-01-02 15:18:40,01/02/2023 03:28:32 PM,N,1.0,97,49,1.0,1.1,9.3,0.0,1.5,2.7,0.0,,1.0,13.5,1.0,1.0,0.0,1,97,Brooklyn,Fort Greene,Boro Zone
2,2023-01-25 13:19:33,01/25/2023 01:55:41 PM,N,1.0,65,108,1.0,13.67,56.2,0.0,0.5,11.54,0.0,,1.0,69.24,1.0,1.0,0.0,1,65,Brooklyn,Downtown Brooklyn/MetroTech,Boro Zone
1,2023-01-04 09:27:55,01/04/2023 09:57:05 AM,N,1.0,17,45,1.0,5.2,19.0,2.75,1.5,0.0,0.0,,1.0,23.25,1.0,1.0,2.75,1,17,Brooklyn,Bedford,Boro Zone
2,2023-01-15 15:40:00,01/15/2023 04:04:00 PM,,,61,61,,4.0,24.89,0.0,0.0,5.18,0.0,,1.0,31.07,,,,1,61,Brooklyn,Crown Heights North,Boro Zone
1,2023-01-17 14:25:19,01/17/2023 02:30:23 PM,N,1.0,33,54,1.0,0.9,6.5,0.0,1.5,0.0,0.0,,1.0,8.0,2.0,1.0,0.0,1,33,Brooklyn,Brooklyn Heights,Boro Zone
1,2023-01-13 20:33:36,01/13/2023 08:46:18 PM,N,1.0,14,29,1.0,0.0,26.2,0.0,1.5,0.0,0.0,,1.0,27.7,1.0,1.0,0.0,1,14,Brooklyn,Bay Ridge,Boro Zone
2,2023-01-09 01:27:50,01/09/2023 01:42:27 AM,N,1.0,97,88,2.0,3.62,18.4,1.0,0.5,4.73,0.0,,1.0,28.38,1.0,1.0,2.75,1,97,Brooklyn,Fort Greene,Boro Zone
1,2023-01-29 16:17:52,01/29/2023 04:33:19 PM,N,1.0,225,17,1.0,0.0,18.5,0.0,1.5,0.0,0.0,,1.0,20.0,1.0,1.0,0.0,1,225,Brooklyn,Stuyvesant Heights,Boro Zone
2,2023-01-22 00:13:13,01/22/2023 12:37:57 AM,N,1.0,36,79,1.0,4.89,26.8,1.0,0.5,6.41,0.0,,1.0,38.46,1.0,1.0,2.75,1,36,Brooklyn,Bushwick North,Boro Zone
1,2023-01-15 15:09:42,01/15/2023 03:17:44 PM,N,1.0,97,49,1.0,1.2,8.6,0.0,1.5,2.0,0.0,,1.0,12.1,1.0,1.0,0.0,1,97,Brooklyn,Fort Greene,Boro Zone
2,2023-01-08 17:14:13,01/08/2023 05:28:54 PM,N,1.0,33,62,1.0,2.88,16.3,0.0,0.5,4.45,0.0,,1.0,22.25,1.0,1.0,0.0,1,33,Brooklyn,Brooklyn Heights,Boro Zone
2,2023-01-29 19:35:03,01/29/2023 07:51:14 PM,N,1.0,66,17,1.0,2.89,18.4,0.0,0.5,4.98,0.0,,1.0,24.88,1.0,1.0,0.0,1,66,Brooklyn,DUMBO/Vinegar Hill,Boro Zone
2,2023-01-06 18:32:00,01/06/2023 06:58:00 PM,,,97,164,,5.29,32.64,0.0,0.0,5.46,0.0,,1.0,41.85,,,,1,97,Brooklyn,Fort Greene,Boro Zone
2,2023-01-01 16:15:55,01/01/2023 04:26:54 PM,N,1.0,97,17,1.0,1.71,12.8,0.0,0.5,0.0,0.0,,1.0,14.3,2.0,1.0,0.0,1,97,Brooklyn,Fort Greene,Boro Zone
2,2023-01-11 18:06:06,01/11/2023 06:25:07 PM,N,1.0,65,195,1.0,3.04,19.1,2.5,0.5,4.62,0.0,,1.0,27.72,1.0,1.0,0.0,1,65,Brooklyn,Downtown Brooklyn/MetroTech,Boro Zone
1,2023-01-26 20:57:14,01/26/2023 09:21:36 PM,N,1.0,65,227,1.0,4.0,22.6,1.0,1.5,5.0,0.0,,1.0,30.1,1.0,1.0,0.0,1,65,Brooklyn,Downtown Brooklyn/MetroTech,Boro Zone
2,2023-01-22 11:20:53,01/22/2023 11:29:44 AM,N,1.0,97,189,2.0,0.92,9.3,0.0,0.5,2.16,0.0,,1.0,12.96,1.0,1.0,0.0,1,97,Brooklyn,Fort Greene,Boro Zone
2,2023-01-14 23:43:00,01/15/2023 12:12:00 AM,,,54,61,,5.75,26.69,0.0,0.0,2.0,0.0,,1.0,29.69,,,,1,54,Brooklyn,Columbia Street,Boro Zone
2,2023-01-30 16:14:48,01/30/2023 04:23:35 PM,N,1.0,65,25,1.0,1.0,9.3,2.5,0.5,0.0,0.0,,1.0,13.3,2.0,1.0,0.0,1,65,Brooklyn,Downtown Brooklyn/MetroTech,Boro Zone
2,2023-01-03 20:08:37,01/03/2023 08:34:16 PM,N,1.0,65,238,1.0,10.75,45.0,1.0,0.5,10.05,0.0,,1.0,60.3,1.0,1.0,2.75,1,65,Brooklyn,Downtown Brooklyn/MetroTech,Boro Zone
2,2023-01-21 03:40:52,01/21/2023 04:08:37 AM,N,1.0,112,100,1.0,3.43,26.8,1.0,0.5,5.0,0.0,,1.0,37.05,1.0,1.0,2.75,1,112,Brooklyn,Greenpoint,Boro Zone
1,2023-01-19 22:51:52,01/19/2023 10:58:58 PM,N,1.0,210,210,1.0,1.1,6.5,0.5,1.5,0.0,0.0,,1.0,8.5,2.0,1.0,0.0,1,210,Brooklyn,Sheepshead Bay,Boro Zone
2,2023-01-03 19:50:04,01/03/2023 07:59:34 PM,N,1.0,97,61,2.0,2.25,12.8,2.5,0.5,3.36,0.0,,1.0,20.16,1.0,1.0,0.0,1,97,Brooklyn,Fort Greene,Boro Zone
2,2023-01-12 22:39:53,01/12/2023 11:21:01 PM,N,1.0,256,170,4.0,7.08,39.4,1.0,0.5,13.4,0.0,,1.0,58.05,1.0,1.0,2.75,1,256,Brooklyn,Williamsburg (South Side),Boro Zone
1,2023-01-19 12:02:49,01/19/2023 12:17:49 PM,N,1.0,65,189,1.0,1.6,12.8,0.0,1.5,0.0,0.0,,1.0,14.3,2.0,1.0,0.0,1,65,Brooklyn,Downtown Brooklyn/MetroTech,Boro Zone
1,2023-01-24 09:56:23,01/24/2023 10:48:08 AM,N,1.0,55,170,1.0,0.0,50.5,0.0,1.5,0.0,6.55,,1.0,58.55,1.0,1.0,0.0,1,55,Brooklyn,Coney Island,Boro Zone
2,2023-01-10 16:19:52,01/10/2023 04:36:00 PM,N,1.0,97,228,1.0,2.71,17.0,2.5,0.5,3.0,0.0,,1.0,24.0,1.0,1.0,0.0,1,97,Brooklyn,Fort Greene,Boro Zone
1,2023-01-28 17:38:39,01/28/2023 05:59:56 PM,N,1.0,97,61,1.0,2.2,16.3,0.0,1.5,3.55,0.0,,1.0,21.35,1.0,1.0,0.0,1,97,Brooklyn,Fort Greene,Boro Zone
1,2023-01-22 20:57:27,01/22/2023 09:06:07 PM,N,1.0,65,52,1.0,1.1,10.0,1.0,1.5,2.5,0.0,,1.0,15.0,1.0,1.0,0.0,1,65,Brooklyn,Downtown Brooklyn/MetroTech,Boro Zone
2,2023-01-11 18:16:11,01/11/2023 06:30:10 PM,N,1.0,97,181,1.0,1.64,13.5,2.5,0.5,3.5,0.0,,1.0,21.0,1.0,1.0,0.0,1,97,Brooklyn,Fort Greene,Boro Zone
1,2023-01-25 19:10:51,01/25/2023 07:24:25 PM,N,1.0,65,54,2.0,1.6,12.1,2.5,1.5,3.2,0.0,,1.0,19.3,1.0,1.0,0.0,1,65,Brooklyn,Downtown Brooklyn/MetroTech,Boro Zone
1,2023-01-28 21:41:48,01/28/2023 10:04:57 PM,N,1.0,65,145,1.0,0.1,19.1,1.0,1.5,5.4,0.0,,1.0,27.0,1.0,1.0,0.0,1,65,Brooklyn,Downtown Brooklyn/MetroTech,Boro Zone
2,2023-01-25 22:24:57,01/25/2023 10:28:46 PM,N,1.0,33,52,1.0,0.74,5.8,1.0,0.5,1.66,0.0,,1.0,9.96,1.0,1.0,0.0,1,33,Brooklyn,Brooklyn Heights,Boro Zone
2,2023-01-18 20:58:21,01/18/2023 09:34:10 PM,N,1.0,66,164,2.0,9.33,44.3,1.0,0.5,5.0,0.0,,1.0,54.55,1.0,1.0,2.75,1,66,Brooklyn,DUMBO/Vinegar Hill,Boro Zone
2,2023-01-20 19:57:31,01/20/2023 08:10:19 PM,N,1.0,97,49,1.0,1.43,12.8,2.5,0.5,3.36,0.0,,1.0,20.16,1.0,1.0,0.0,1,97,Brooklyn,Fort Greene,Boro Zone
2,2023-01-15 11:40:01,01/15/2023 11:48:27 AM,N,1.0,65,106,1.0,1.56,11.4,0.0,0.5,2.58,0.0,,1.0,15.48,1.0,1.0,0.0,1,65,Brooklyn,Downtown Brooklyn/MetroTech,Boro Zone
2,2023-01-11 09:55:18,01/11/2023 10:21:44 AM,N,1.0,97,11,1.0,11.45,45.7,0.0,0.5,0.0,0.0,,1.0,47.2,2.0,1.0,0.0,1,97,Brooklyn,Fort Greene,Boro Zone
2,2023-01-07 16:29:41,01/07/2023 04:55:00 PM,N,1.0,66,234,1.0,5.8,31.0,0.0,0.5,7.05,0.0,,1.0,42.3,1.0,1.0,2.75,1,66,Brooklyn,DUMBO/Vinegar Hill,Boro Zone
2,2023-01-16 16:36:39,01/16/2023 04:47:08 PM,N,1.0,97,106,1.0,1.09,10.7,0.0,0.5,3.66,0.0,,1.0,15.86,1.0,1.0,0.0,1,97,Brooklyn,Fort Greene,Boro Zone
2,2023-01-28 13:23:42,01/28/2023 01:26:49 PM,N,1.0,97,181,1.0,0.53,5.1,0.0,0.5,1.32,0.0,,1.0,7.92,1.0,1.0,0.0,1,97,Brooklyn,Fort Greene,Boro Zone
2,2023-01-10 17:00:40,01/10/2023 05:36:58 PM,N,1.0,97,36,1.0,4.15,29.6,2.5,0.5,0.0,0.0,,1.0,33.6,2.0,1.0,0.0,1,97,Brooklyn,Fort Greene,Boro Zone
2,2023-01-20 11:37:31,01/20/2023 11:57:56 AM,N,1.0,33,161,1.0,6.61,30.3,0.0,0.5,6.91,0.0,,1.0,41.46,1.0,1.0,2.75,1,33,Brooklyn,Brooklyn Heights,Boro Zone
2,2023-01-29 04:56:00,01/29/2023 05:24:00 AM,,,225,132,,10.77,38.84,0.0,0.0,0.0,0.0,,1.0,39.84,,,,1,225,Brooklyn,Stuyvesant Heights,Boro Zone
2,2023-01-22 16:14:28,01/22/2023 04:27:54 PM,N,1.0,65,49,1.0,1.95,13.5,0.0,0.5,2.0,0.0,,1.0,17.0,1.0,1.0,0.0,1,65,Brooklyn,Downtown Brooklyn/MetroTech,Boro Zone
2,2023-01-13 21:25:35,01/13/2023 09:30:56 PM,N,1.0,65,97,1.0,0.94,7.2,1.0,0.5,0.0,0.0,,1.0,9.7,2.0,1.0,0.0,1,65,Brooklyn,Downtown Brooklyn/MetroTech,Boro Zone
2,2023-01-29 17:30:26,01/29/2023 05:36:39 PM,N,1.0,112,255,1.0,1.13,7.9,0.0,0.5,0.0,0.0,,1.0,9.4,2.0,1.0,0.0,1,112,Brooklyn,Greenpoint,Boro Zone
1,2023-01-02 13:01:08,01/02/2023 01:10:40 PM,N,1.0,65,181,2.0,1.6,10.0,0.0,1.5,0.0,0.0,,1.0,11.5,2.0,1.0,0.0,1,65,Brooklyn,Downtown Brooklyn/MetroTech,Boro Zone
2,2023-01-11 22:25:05,01/11/2023 10:30:44 PM,N,1.0,33,54,1.0,1.15,7.9,1.0,0.5,1.25,0.0,,1.0,11.65,1.0,1.0,0.0,1,33,Brooklyn,Brooklyn Heights,Boro Zone
2,2023-01-09 20:21:17,01/09/2023 08:35:15 PM,N,1.0,97,17,1.0,2.1,14.2,1.0,0.5,3.34,0.0,,1.0,20.04,1.0,1.0,0.0,1,97,Brooklyn,Fort Greene,Boro Zone
2,2023-01-28 23:33:29,01/28/2023 11:42:31 PM,N,1.0,33,52,2.0,1.53,10.7,1.0,0.5,3.96,0.0,,1.0,17.16,1.0,1.0,0.0,1,33,Brooklyn,Brooklyn Heights,Boro Zone
2,2023-01-28 01:28:15,01/28/2023 01:47:12 AM,N,1.0,36,65,1.0,3.56,19.1,1.0,0.5,0.0,0.0,,1.0,21.6,2.0,1.0,0.0,1,36,Brooklyn,Bushwick North,Boro Zone
2,2023-01-14 14:01:51,01/14/2023 02:09:23 PM,N,1.0,25,97,1.0,1.12,8.6,0.0,0.5,2.02,0.0,,1.0,12.12,1.0,1.0,0.0,1,25,Brooklyn,Boerum Hill,Boro Zone
1,2023-01-02 14:44:25,01/02/2023 02:51:38 PM,N,1.0,49,181,1.0,1.1,6.5,0.0,1.5,2.0,0.0,,1.0,10.0,1.0,1.0,0.0,1,49,Brooklyn,Clinton Hill,Boro Zone
2,2023-01-25 19:27:21,01/25/2023 07:45:01 PM,N,1.0,66,255,2.0,3.84,21.2,2.5,0.5,5.04,0.0,,1.0,30.24,1.0,1.0,0.0,1,66,Brooklyn,DUMBO/Vinegar Hill,Boro Zone
1,2023-01-10 12:50:21,01/10/2023 12:57:19 PM,N,1.0,210,150,1.0,1.4,9.3,0.0,1.5,0.5,0.0,,1.0,11.3,1.0,1.0,0.0,1,210,Brooklyn,Sheepshead Bay,Boro Zone
2,2023-01-23 15:33:06,01/23/2023 03:44:53 PM,N,1.0,65,33,1.0,1.38,12.1,0.0,0.5,0.0,0.0,,1.0,13.6,2.0,1.0,0.0,1,65,Brooklyn,Downtown Brooklyn/MetroTech,Boro Zone
2,2023-01-10 12:55:47,01/10/2023 01:11:02 PM,N,1.0,97,189,1.0,1.61,14.9,0.0,0.5,2.5,0.0,,1.0,18.9,1.0,1.0,0.0,1,97,Brooklyn,Fort Greene,Boro Zone
2,2023-01-03 19:17:47,01/03/2023 07:26:28 PM,N,1.0,65,49,1.0,1.37,10.0,2.5,0.5,2.8,0.0,,1.0,16.8,1.0,1.0,0.0,1,65,Brooklyn,Downtown Brooklyn/MetroTech,Boro Zone
2,2023-01-26 20:18:19,01/26/2023 08:19:08 PM,N,1.0,256,256,2.0,0.05,-3.0,-1.0,-0.5,0.0,0.0,,-1.0,-5.5,3.0,1.0,0.0,1,256,Brooklyn,Williamsburg (South Side),Boro Zone
2,2023-01-27 23:12:00,01/27/2023 11:35:00 PM,,,255,48,,5.51,23.63,0.0,0.0,5.09,6.55,,1.0,39.02,,,,1,255,Brooklyn,Williamsburg (North Side),Boro Zone
2,2023-01-16 17:51:11,01/16/2023 06:07:25 PM,N,1.0,66,148,2.0,2.62,17.7,0.0,0.5,2.0,0.0,,1.0,23.95,1.0,1.0,2.75,1,66,Brooklyn,DUMBO/Vinegar Hill,Boro Zone
2,2023-01-23 11:37:34,01/23/2023 11:43:03 AM,N,1.0,33,33,1.0,0.74,7.2,0.0,0.5,0.0,0.0,,1.0,8.7,2.0,1.0,0.0,1,33,Brooklyn,Brooklyn Heights,Boro Zone
2,2023-01-24 16:28:59,01/24/2023 04:40:25 PM,N,1.0,97,97,2.0,0.88,11.4,2.5,0.5,3.08,0.0,,1.0,18.48,1.0,1.0,0.0,1,97,Brooklyn,Fort Greene,Boro Zone
2,2023-01-07 03:40:19,01/07/2023 03:59:12 AM,N,1.0,112,249,4.0,5.58,26.1,1.0,0.5,6.27,0.0,,1.0,37.62,1.0,1.0,2.75,1,112,Brooklyn,Greenpoint,Boro Zone
2,2023-01-25 15:35:26,01/25/2023 04:01:09 PM,N,1.0,97,37,1.0,3.33,17.5,0.0,0.5,3.66,0.0,,0.3,21.96,1.0,1.0,0.0,1,97,Brooklyn,Fort Greene,Boro Zone
2,2023-01-17 13:01:00,01/17/2023 01:25:00 PM,,,17,35,,4.0,26.03,0.0,0.0,0.0,0.0,,1.0,27.03,,,,1,17,Brooklyn,Bedford,Boro Zone
2,2023-01-25 20:17:05,01/25/2023 08:31:12 PM,N,1.0,97,61,1.0,3.05,16.3,1.0,0.5,0.0,0.0,,1.0,18.8,2.0,1.0,0.0,1,97,Brooklyn,Fort Greene,Boro Zone
1,2023-01-19 22:14:02,01/19/2023 10:36:44 PM,N,1.0,210,29,1.0,6.1,28.2,1.0,1.5,0.0,0.0,,1.0,30.7,2.0,1.0,0.0,1,210,Brooklyn,Sheepshead Bay,Boro Zone
2,2023-01-08 16:49:17,01/08/2023 04:49:20 PM,N,1.0,61,61,1.0,0.0,3.0,0.0,0.5,10.5,0.0,,1.0,15.0,4.0,1.0,0.0,1,61,Brooklyn,Crown Heights North,Boro Zone
2,2023-01-30 18:11:00,01/30/2023 06:37:00 PM,,,97,37,,3.58,19.58,0.0,0.0,2.0,0.0,,1.0,22.58,,,,1,97,Brooklyn,Fort Greene,Boro Zone
2,2023-01-06 07:31:00,01/06/2023 07:43:00 AM,,,97,88,,3.42,18.7,0.0,0.0,2.24,0.0,,1.0,24.69,,,,1,97,Brooklyn,Fort Greene,Boro Zone
2,2023-01-17 20:32:46,01/17/2023 08:46:15 PM,N,1.0,65,188,1.0,2.38,14.9,1.0,0.5,1.74,0.0,,1.0,19.14,1.0,1.0,0.0,1,65,Brooklyn,Downtown Brooklyn/MetroTech,Boro Zone
1,2023-01-17 07:41:35,01/17/2023 08:21:21 AM,Y,1.0,21,123,3.0,0.0,30.3,0.0,1.5,0.0,0.0,,1.0,31.8,2.0,1.0,0.0,1,21,Brooklyn,Bensonhurst East,Boro Zone
2,2023-01-24 08:44:45,01/24/2023 09:13:02 AM,N,1.0,33,229,2.0,6.87,35.2,0.0,0.5,11.84,0.0,,1.0,51.29,1.0,1.0,2.75,1,33,Brooklyn,Brooklyn Heights,Boro Zone
2,2023-01-14 20:11:32,01/14/2023 08:32:04 PM,N,1.0,25,61,1.0,3.36,21.2,1.0,0.5,0.0,0.0,,1.0,23.7,2.0,1.0,0.0,1,25,Brooklyn,Boerum Hill,Boro Zone
2,2023-01-25 10:57:00,01/25/2023 11:09:00 AM,,,257,89,,2.15,15.11,0.0,0.0,0.26,0.0,,1.0,16.37,,,,1,257,Brooklyn,Windsor Terrace,Boro Zone
2,2023-01-08 17:53:05,01/08/2023 06:07:10 PM,N,1.0,97,17,1.0,1.87,14.2,0.0,0.5,3.14,0.0,,1.0,18.84,1.0,1.0,0.0,1,97,Brooklyn,Fort Greene,Boro Zone
1,2023-01-10 17:13:14,01/10/2023 05:27:16 PM,N,1.0,25,181,2.0,1.1,10.7,2.5,1.5,4.4,0.0,,1.0,19.1,1.0,1.0,0.0,1,25,Brooklyn,Boerum Hill,Boro Zone
2,2023-01-20 18:23:46,01/20/2023 06:39:32 PM,N,1.0,25,189,1.0,1.55,14.9,2.5,0.5,2.08,0.0,,1.0,20.98,1.0,1.0,0.0,1,25,Brooklyn,Boerum Hill,Boro Zone
2,2023-01-02 20:54:23,01/02/2023 09:04:28 PM,N,1.0,97,49,1.0,1.59,11.4,1.0,0.5,4.17,0.0,,1.0,18.07,1.0,1.0,0.0,1,97,Brooklyn,Fort Greene,Boro Zone
2,2023-01-10 20:13:29,01/10/2023 08:38:32 PM,N,1.0,97,36,1.0,5.95,29.6,1.0,0.5,6.42,0.0,,1.0,38.52,1.0,1.0,0.0,1,97,Brooklyn,Fort Greene,Boro Zone
1,2023-01-15 20:09:05,01/15/2023 08:35:09 PM,N,1.0,65,71,1.0,4.5,23.3,1.0,1.5,2.0,0.0,,1.0,27.8,1.0,1.0,0.0,1,65,Brooklyn,Downtown Brooklyn/MetroTech,Boro Zone
2,2023-01-15 11:12:09,01/15/2023 11:25:00 AM,N,5.0,65,233,1.0,6.17,30.0,0.0,0.0,5.0,0.0,,1.0,38.75,1.0,2.0,2.75,1,65,Brooklyn,Downtown Brooklyn/MetroTech,Boro Zone
2,2023-01-17 15:19:08,01/17/2023 03:26:06 PM,N,1.0,52,40,1.0,0.86,7.9,0.0,0.5,0.0,0.0,,1.0,9.4,2.0,1.0,0.0,1,52,Brooklyn,Cobble Hill,Boro Zone
2,2023-01-15 12:02:00,01/15/2023 12:09:00 PM,,,62,189,,1.42,12.17,0.0,0.0,2.63,0.0,,1.0,15.8,,,,1,62,Brooklyn,Crown Heights South,Boro Zone
2,2023-01-13 14:37:36,01/13/2023 02:50:02 PM,N,1.0,97,97,1.0,1.46,12.1,0.0,0.5,0.0,0.0,,1.0,13.6,2.0,1.0,0.0,1,97,Brooklyn,Fort Greene,Boro Zone
2,2023-01-01 04:27:54,01/01/2023 04:44:35 AM,N,1.0,256,228,1.0,8.46,33.8,1.0,0.5,2.0,0.0,,1.0,38.3,1.0,1.0,0.0,1,256,Brooklyn,Williamsburg (South Side),Boro Zone
2,2023-01-05 15:07:04,01/05/2023 03:38:21 PM,N,1.0,97,138,1.0,10.8,33.5,5.0,0.5,7.86,0.0,,0.3,47.16,1.0,1.0,0.0,1,97,Brooklyn,Fort Greene,Boro Zone
1,2023-01-20 23:14:24,01/20/2023 11:37:02 PM,N,1.0,97,177,1.0,3.8,22.6,1.0,1.5,6.25,0.0,,1.0,31.35,1.0,1.0,0.0,1,97,Brooklyn,Fort Greene,Boro Zone
2,2023-01-14 02:18:10,01/14/2023 02:36:32 AM,N,1.0,80,45,1.0,4.78,24.0,1.0,0.5,5.85,0.0,,1.0,35.1,1.0,1.0,2.75,1,80,Brooklyn,East Williamsburg,Boro Zone
1,2023-01-24 16:36:26,01/24/2023 05:25:08 PM,N,1.0,25,91,1.0,0.0,26.5,0.0,1.5,0.0,0.0,,1.0,28.0,1.0,1.0,0.0,1,25,Brooklyn,Boerum Hill,Boro Zone
2,2023-01-24 07:14:18,01/24/2023 07:45:27 AM,N,1.0,97,227,2.0,4.38,30.3,0.0,0.5,12.0,0.0,,1.0,43.8,1.0,1.0,0.0,1,97,Brooklyn,Fort Greene,Boro Zone
2,2023-01-29 17:46:26,01/29/2023 06:09:41 PM,N,1.0,65,263,1.0,8.57,34.5,0.0,0.5,7.75,0.0,,1.0,46.5,1.0,1.0,2.75,1,65,Brooklyn,Downtown Brooklyn/MetroTech,Boro Zone
1,2023-01-02 00:29:13,01/02/2023 12:37:37 AM,N,1.0,91,71,1.0,0.0,15.2,0.0,1.5,0.0,0.0,,1.0,16.7,1.0,1.0,0.0,1,91,Brooklyn,Flatlands,Boro Zone
2,2023-01-07 11:50:20,01/07/2023 12:08:39 PM,N,1.0,97,17,1.0,2.67,18.4,0.0,0.5,0.0,0.0,,1.0,19.9,2.0,1.0,0.0,1,97,Brooklyn,Fort Greene,Boro Zone
2,2023-01-12 21:50:55,01/12/2023 10:15:25 PM,N,1.0,66,263,2.0,9.31,39.4,1.0,0.5,4.46,0.0,,1.0,49.11,1.0,1.0,2.75,1,66,Brooklyn,DUMBO/Vinegar Hill,Boro Zone
2,2023-01-09 13:07:28,01/09/2023 01:47:44 PM,N,1.0,97,39,1.0,6.88,40.1,0.0,0.5,4.0,0.0,,1.0,45.6,1.0,1.0,0.0,1,97,Brooklyn,Fort Greene,Boro Zone
2,2023-01-07 21:30:25,01/07/2023 09:58:26 PM,N,1.0,66,68,1.0,5.54,29.6,1.0,0.5,4.0,0.0,,1.0,38.85,1.0,1.0,2.75,1,66,Brooklyn,DUMBO/Vinegar Hill,Boro Zone
1,2023-01-16 13:50:27,01/16/2023 02:05:47 PM,N,1.0,97,188,1.0,0.0,15.2,0.0,1.5,0.0,0.0,,1.0,16.7,1.0,1.0,0.0,1,97,Brooklyn,Fort Greene,Boro Zone
2,2023-01-28 19:50:01,01/28/2023 07:54:12 PM,N,1.0,66,34,1.0,0.79,6.5,0.0,0.5,0.0,0.0,,1.0,8.0,2.0,1.0,0.0,1,66,Brooklyn,DUMBO/Vinegar Hill,Boro Zone
2,2023-01-01 21:08:58,01/01/2023 09:21:37 PM,N,1.0,65,61,1.0,2.29,14.2,1.0,0.5,4.18,0.0,,1.0,20.88,1.0,1.0,0.0,1,65,Brooklyn,Downtown Brooklyn/MetroTech,Boro Zone
2,2023-01-31 17:48:04,01/31/2023 05:55:16 PM,N,1.0,97,97,2.0,1.0,8.6,2.5,0.5,0.0,0.0,,1.0,12.6,2.0,1.0,0.0,1,97,Brooklyn,Fort Greene,Boro Zone
2,2023-01-11 23:03:48,01/11/2023 11:39:41 PM,N,1.0,66,48,2.0,9.82,45.7,1.0,0.5,0.0,0.0,,1.0,50.95,2.0,1.0,2.75,1,66,Brooklyn,DUMBO/Vinegar Hill,Boro Zone
2,2023-01-30 23:09:06,01/30/2023 11:13:37 PM,N,1.0,210,210,1.0,0.74,6.5,1.0,0.5,1.8,0.0,,1.0,10.8,1.0,1.0,0.0,1,210,Brooklyn,Sheepshead Bay,Boro Zone
1,2023-01-12 15:39:11,01/12/2023 04:00:33 PM,N,1.0,97,17,1.0,2.3,16.3,0.0,1.5,3.0,0.0,,1.0,20.8,1.0,1.0,0.0,1,97,Brooklyn,Fort Greene,Boro Zone
2,2023-01-08 16:32:48,01/08/2023 04:45:08 PM,N,1.0,65,17,1.0,1.75,12.8,0.0,0.5,2.7,0.0,,1.0,17.0,1.0,1.0,0.0,1,65,Brooklyn,Downtown Brooklyn/MetroTech,Boro Zone
1,2023-01-05 21:46:26,01/05/2023 09:53:04 PM,N,1.0,210,210,1.0,1.2,7.9,1.0,1.5,0.17,0.0,,1.0,10.57,1.0,1.0,0.0,1,210,Brooklyn,Sheepshead Bay,Boro Zone
1,2023-01-18 18:35:20,01/18/2023 06:56:11 PM,N,1.0,65,189,1.0,1.0,14.2,2.5,1.5,3.64,0.0,,1.0,21.84,1.0,1.0,0.0,1,65,Brooklyn,Downtown Brooklyn/MetroTech,Boro Zone
2,2023-01-21 03:50:50,01/21/2023 04:14:12 AM,N,1.0,256,48,5.0,5.73,27.5,1.0,0.5,6.55,0.0,,1.0,39.3,1.0,1.0,2.75,1,256,Brooklyn,Williamsburg (South Side),Boro Zone
2,2023-01-21 19:56:33,01/21/2023 08:04:37 PM,N,1.0,97,97,1.0,0.82,8.6,0.0,0.5,0.0,0.0,,1.0,10.1,2.0,1.0,0.0,1,97,Brooklyn,Fort Greene,Boro Zone
1,2023-01-11 17:01:26,01/11/2023 05:59:59 PM,N,1.0,210,210,1.0,5.8,42.2,2.5,1.5,0.0,0.0,,1.0,46.2,2.0,1.0,0.0,1,210,Brooklyn,Sheepshead Bay,Boro Zone
2,2023-01-30 01:16:12,01/30/2023 01:16:15 AM,N,5.0,61,264,1.0,0.0,16.0,0.0,0.0,0.0,0.0,,1.0,17.0,1.0,2.0,0.0,1,61,Brooklyn,Crown Heights North,Boro Zone
2,2023-01-24 18:13:00,01/24/2023 06:47:00 PM,,,33,161,,7.93,36.69,0.0,0.0,14.1,6.55,,1.0,61.09,,,,1,33,Brooklyn,Brooklyn Heights,Boro Zone
1,2023-01-21 04:46:55,01/21/2023 05:00:09 AM,N,1.0,36,225,1.0,1.7,13.5,1.0,1.5,3.2,0.0,,1.0,19.2,1.0,1.0,0.0,1,36,Brooklyn,Bushwick North,Boro Zone
1,2023-01-07 02:58:12,01/07/2023 03:10:43 AM,N,1.0,25,17,1.0,2.9,11.5,0.5,1.5,3.35,0.0,,1.0,16.85,1.0,1.0,0.0,1,25,Brooklyn,Boerum Hill,Boro Zone
1,2023-01-14 22:33:55,01/14/2023 10:42:04 PM,N,1.0,65,181,1.0,1.3,9.3,1.0,1.5,1.0,0.0,,1.0,12.8,1.0,1.0,0.0,1,65,Brooklyn,Downtown Brooklyn/MetroTech,Boro Zone
2,2023-01-25 19:35:35,01/25/2023 07:49:00 PM,N,1.0,65,49,1.0,1.65,13.5,2.5,0.5,1.0,0.0,,1.0,18.5,1.0,1.0,0.0,1,65,Brooklyn,Downtown Brooklyn/MetroTech,Boro Zone
2,2023-01-01 17:33:58,01/01/2023 06:14:20 PM,N,1.0,66,170,2.0,2.02,34.5,0.0,0.5,0.0,0.0,,1.0,38.75,2.0,1.0,2.75,1,66,Brooklyn,DUMBO/Vinegar Hill,Boro Zone
2,2023-01-21 17:09:44,01/21/2023 06:00:39 PM,N,1.0,97,91,1.0,6.27,43.6,0.0,0.5,0.0,0.0,,1.0,45.1,1.0,1.0,0.0,1,97,Brooklyn,Fort Greene,Boro Zone
1,2023-01-06 18:02:52,01/06/2023 06:20:27 PM,N,1.0,65,61,1.0,0.0,17.2,0.0,1.5,0.0,0.0,,1.0,18.7,1.0,1.0,0.0,1,65,Brooklyn,Downtown Brooklyn/MetroTech,Boro Zone
2,2023-01-19 18:42:30,01/19/2023 07:02:58 PM,N,1.0,66,40,2.0,3.06,19.1,2.5,0.5,3.46,0.0,,1.0,26.56,1.0,1.0,0.0,1,66,Brooklyn,DUMBO/Vinegar Hill,Boro Zone
1,2023-01-29 09:27:03,01/29/2023 09:59:37 AM,N,1.0,29,68,1.0,0.0,49.5,0.0,1.5,0.0,0.0,,1.0,51.0,1.0,1.0,0.0,1,29,Brooklyn,Brighton Beach,Boro Zone
1,2023-01-11 06:33:59,01/11/2023 07:12:08 AM,N,1.0,177,226,1.0,0.0,32.5,0.0,1.5,0.0,0.0,,1.0,34.0,1.0,1.0,0.0,1,177,Brooklyn,Ocean Hill,Boro Zone
1,2023-01-09 09:39:07,01/09/2023 10:03:37 AM,N,1.0,26,11,1.0,0.0,17.2,0.0,1.5,0.0,0.0,,1.0,18.7,1.0,1.0,0.0,1,26,Brooklyn,Borough Park,Boro Zone
2,2023-01-16 19:29:32,01/16/2023 07:33:19 PM,N,1.0,66,33,2.0,0.88,6.5,0.0,0.5,2.4,0.0,,1.0,10.4,1.0,1.0,0.0,1,66,Brooklyn,DUMBO/Vinegar Hill,Boro Zone
2,2023-01-03 05:08:12,01/03/2023 05:33:33 AM,N,1.0,55,25,1.0,12.68,50.6,1.0,0.5,0.0,0.0,,1.0,53.1,2.0,1.0,0.0,1,55,Brooklyn,Coney Island,Boro Zone
1,2023-01-07 20:59:42,01/07/2023 09:28:06 PM,N,1.0,25,210,1.0,0.0,44.5,0.0,1.5,0.0,0.0,,1.0,46.0,1.0,1.0,0.0,1,25,Brooklyn,Boerum Hill,Boro Zone
2,2023-01-29 01:49:49,01/29/2023 02:13:11 AM,N,1.0,256,37,2.0,4.91,25.4,1.0,0.5,5.58,0.0,,1.0,33.48,1.0,1.0,0.0,1,256,Brooklyn,Williamsburg (South Side),Boro Zone
2,2023-01-24 16:46:00,01/24/2023 05:27:00 PM,,,72,227,,5.2,25.98,0.0,0.0,5.4,0.0,,1.0,32.38,,,,1,72,Brooklyn,East Flatbush/Remsen Village,Boro Zone
2,2023-01-20 08:11:00,01/20/2023 08:47:00 AM,,,17,106,,4.14,26.92,0.0,0.0,0.5,0.0,,1.0,28.42,,,,1,17,Brooklyn,Bedford,Boro Zone
2,2023-01-07 08:39:47,01/07/2023 08:46:19 AM,N,1.0,188,181,1.0,1.54,10.0,0.0,0.5,3.45,0.0,,1.0,14.95,1.0,1.0,0.0,1,188,Brooklyn,Prospect-Lefferts Gardens,Boro Zone
2,2023-01-06 16:44:38,01/06/2023 04:58:35 PM,N,1.0,97,49,1.0,1.23,12.8,2.5,0.5,2.52,0.0,,1.0,19.32,1.0,1.0,0.0,1,97,Brooklyn,Fort Greene,Boro Zone
1,2023-01-11 13:08:21,01/11/2023 02:12:44 PM,N,1.0,55,168,1.0,0.0,57.2,0.0,1.5,0.0,0.0,,1.0,58.7,1.0,1.0,0.0,1,55,Brooklyn,Coney Island,Boro Zone
1,2023-01-13 19:32:29,01/13/2023 07:49:45 PM,N,1.0,65,89,1.0,3.1,13.5,1.0,1.5,3.2,0.0,,1.0,19.2,1.0,1.0,0.0,1,65,Brooklyn,Downtown Brooklyn/MetroTech,Boro Zone
1,2023-01-29 02:34:53,01/29/2023 02:37:21 AM,N,1.0,25,33,2.0,0.4,3.5,0.5,1.5,1.6,0.0,,1.0,7.1,1.0,1.0,0.0,1,25,Brooklyn,Boerum Hill,Boro Zone
1,2023-01-18 01:17:14,01/18/2023 01:38:02 AM,N,1.0,40,68,1.0,6.3,20.5,3.25,1.5,0.0,0.0,,1.0,25.25,2.0,1.0,2.75,1,40,Brooklyn,Carroll Gardens,Boro Zone
2,2023-01-25 13:41:13,01/25/2023 01:46:43 PM,N,1.0,228,257,1.0,0.93,7.9,0.0,0.5,2.82,0.0,,1.0,12.22,1.0,1.0,0.0,1,228,Brooklyn,Sunset Park West,Boro Zone
2,2023-01-07 18:39:55,01/07/2023 06:39:57 PM,N,5.0,97,97,1.0,0.0,15.0,0.0,0.0,1.0,0.0,,1.0,17.0,1.0,2.0,0.0,1,97,Brooklyn,Fort Greene,Boro Zone
2,2023-01-29 14:22:00,01/29/2023 02:45:00 PM,,,33,114,,3.38,17.18,0.0,0.0,4.19,0.0,,1.0,25.12,,,,1,33,Brooklyn,Brooklyn Heights,Boro Zone
2,2023-01-30 19:40:05,01/30/2023 07:44:33 PM,N,1.0,210,210,1.0,0.68,6.5,2.5,0.5,2.1,0.0,,1.0,12.6,1.0,1.0,0.0,1,210,Brooklyn,Sheepshead Bay,Boro Zone
2,2023-01-16 17:14:59,01/16/2023 05:22:42 PM,N,1.0,66,52,1.0,1.7,10.0,0.0,0.5,2.16,0.0,,0.3,12.96,1.0,1.0,0.0,1,66,Brooklyn,DUMBO/Vinegar Hill,Boro Zone
2,2023-01-14 18:33:09,01/14/2023 07:06:43 PM,N,1.0,256,209,1.0,3.55,28.9,0.0,0.5,6.49,0.0,,0.3,38.94,1.0,1.0,2.75,1,256,Brooklyn,Williamsburg (South Side),Boro Zone
1,2023-01-25 09:41:42,01/25/2023 10:11:37 AM,N,1.0,91,210,1.0,3.3,20.0,0.0,1.5,0.0,0.0,,1.0,21.5,2.0,1.0,0.0,1,91,Brooklyn,Flatlands,Boro Zone
2,2023-01-07 14:28:00,01/07/2023 02:32:31 PM,N,1.0,65,25,1.0,0.61,6.5,0.0,0.5,1.6,0.0,,1.0,9.6,1.0,1.0,0.0,1,65,Brooklyn,Downtown Brooklyn/MetroTech,Boro Zone
2,2023-01-30 18:46:02,01/30/2023 07:16:50 PM,N,1.0,25,61,1.0,4.19,29.6,2.5,0.5,0.0,0.0,,1.0,33.6,2.0,1.0,0.0,1,25,Brooklyn,Boerum Hill,Boro Zone
2,2023-01-08 11:13:41,01/08/2023 11:25:58 AM,N,1.0,97,188,1.0,2.89,15.6,0.0,0.5,3.42,0.0,,1.0,20.52,1.0,1.0,0.0,1,97,Brooklyn,Fort Greene,Boro Zone
2,2023-01-29 01:48:44,01/29/2023 02:08:18 AM,N,1.0,255,25,1.0,7.12,31.0,1.0,0.5,3.0,0.0,,1.0,36.5,1.0,1.0,0.0,1,255,Brooklyn,Williamsburg (North Side),Boro Zone
1,2023-01-04 18:10:07,01/04/2023 06:59:32 PM,N,1.0,210,210,1.0,6.0,38.0,2.5,1.5,0.0,0.0,,1.0,42.0,2.0,1.0,0.0,1,210,Brooklyn,Sheepshead Bay,Boro Zone
2,2023-01-03 13:57:00,01/03/2023 02:08:00 PM,N,1.0,97,97,1.0,1.09,10.7,0.0,0.5,2.44,0.0,,1.0,14.64,1.0,1.0,0.0,1,97,Brooklyn,Fort Greene,Boro Zone
1,2023-01-19 20:46:43,01/19/2023 08:54:28 PM,N,1.0,210,210,1.0,1.4,7.0,0.5,1.5,0.0,0.0,,1.0,9.0,2.0,1.0,0.0,1,210,Brooklyn,Sheepshead Bay,Boro Zone
2,2023-01-11 10:36:06,01/11/2023 10:54:13 AM,N,1.0,225,36,1.0,2.56,15.6,0.0,0.5,0.0,0.0,,1.0,17.1,2.0,1.0,0.0,1,225,Brooklyn,Stuyvesant Heights,Boro Zone
2,2023-01-31 16:53:21,01/31/2023 05:35:55 PM,N,1.0,188,145,1.0,6.9,30.0,1.0,0.5,6.36,0.0,,0.3,38.16,1.0,1.0,0.0,1,188,Brooklyn,Prospect-Lefferts Gardens,Boro Zone
2,2023-01-01 15:12:02,01/01/2023 03:17:39 PM,N,1.0,255,112,1.0,1.15,7.9,0.0,0.5,0.0,0.0,,1.0,9.4,2.0,1.0,0.0,1,255,Brooklyn,Williamsburg (North Side),Boro Zone
2,2023-01-21 12:59:43,01/21/2023 01:11:59 PM,N,1.0,66,12,1.0,2.71,14.9,0.0,0.5,3.83,0.0,,1.0,22.98,1.0,1.0,2.75,1,66,Brooklyn,DUMBO/Vinegar Hill,Boro Zone
1,2023-01-28 15:25:38,01/28/2023 03:52:51 PM,N,1.0,55,124,1.0,0.0,33.2,0.0,1.5,0.0,0.0,,1.0,34.7,1.0,1.0,0.0,1,55,Brooklyn,Coney Island,Boro Zone
1,2023-01-05 16:04:39,01/05/2023 04:17:12 PM,N,1.0,97,189,1.0,1.4,10.7,2.5,1.5,2.9,0.0,,1.0,17.6,1.0,1.0,0.0,1,97,Brooklyn,Fort Greene,Boro Zone
2,2023-01-26 12:30:54,01/26/2023 12:52:27 PM,N,1.0,65,68,1.0,4.35,24.0,0.0,0.5,0.0,0.0,,1.0,28.25,2.0,1.0,2.75,1,65,Brooklyn,Downtown Brooklyn/MetroTech,Boro Zone
1,2023-01-05 14:32:57,01/05/2023 02:42:45 PM,N,1.0,210,123,1.0,1.6,10.7,0.0,1.5,1.0,0.0,,1.0,13.2,1.0,1.0,0.0,1,210,Brooklyn,Sheepshead Bay,Boro Zone
2,2023-01-30 10:18:24,01/30/2023 10:25:05 AM,N,1.0,33,33,1.0,0.56,7.2,0.0,0.5,0.0,0.0,,1.0,8.7,2.0,1.0,0.0,1,33,Brooklyn,Brooklyn Heights,Boro Zone
2,2023-01-02 13:49:54,01/02/2023 02:04:41 PM,N,1.0,65,61,2.0,1.95,15.6,0.0,0.5,0.0,0.0,,1.0,17.1,2.0,1.0,0.0,1,65,Brooklyn,Downtown Brooklyn/MetroTech,Boro Zone
2,2023-01-03 09:54:00,01/03/2023 10:25:00 AM,,,181,71,,4.4,25.46,0.0,0.0,1.0,0.0,,1.0,27.46,,,,1,181,Brooklyn,Park Slope,Boro Zone
1,2023-01-05 15:14:19,01/05/2023 03:49:39 PM,N,1.0,14,61,1.0,0.0,29.2,0.0,1.5,0.0,0.0,,1.0,30.7,1.0,1.0,0.0,1,14,Brooklyn,Bay Ridge,Boro Zone
2,2023-01-02 03:57:00,01/02/2023 04:23:00 AM,,,61,68,,0.0,36.01,0.0,0.0,4.0,0.0,,1.0,43.76,,,,1,61,Brooklyn,Crown Heights North,Boro Zone
1,2023-01-15 12:28:02,01/15/2023 12:55:29 PM,N,1.0,76,17,1.0,0.0,25.5,0.0,1.5,0.0,0.0,,1.0,27.0,1.0,1.0,0.0,1,76,Brooklyn,East New York,Boro Zone
2,2023-01-15 15:00:05,01/15/2023 03:15:34 PM,N,1.0,97,97,1.0,1.97,15.6,0.0,0.5,3.0,0.0,,1.0,20.1,1.0,1.0,0.0,1,97,Brooklyn,Fort Greene,Boro Zone
1,2023-01-13 10:12:23,01/13/2023 10:26:04 AM,N,1.0,52,261,1.0,3.2,17.0,2.75,1.5,5.0,0.0,,1.0,26.25,1.0,1.0,2.75,1,52,Brooklyn,Cobble Hill,Boro Zone
1,2023-01-05 15:11:14,01/05/2023 03:43:12 PM,N,1.0,33,246,3.0,7.1,33.1,2.75,1.5,0.0,0.0,,1.0,37.35,2.0,1.0,2.75,1,33,Brooklyn,Brooklyn Heights,Boro Zone
2,2023-01-29 00:15:34,01/29/2023 12:21:36 AM,N,1.0,55,55,1.0,0.0,7.2,1.0,0.5,0.0,0.0,,1.0,9.7,2.0,1.0,0.0,1,55,Brooklyn,Coney Island,Boro Zone
2,2023-01-10 17:26:00,01/10/2023 05:40:00 PM,,,66,49,,2.3,16.7,0.0,0.0,2.66,0.0,,1.0,20.36,,,,1,66,Brooklyn,DUMBO/Vinegar Hill,Boro Zone
2,2023-01-22 20:34:46,01/22/2023 09:01:30 PM,N,5.0,97,228,2.0,4.09,25.0,0.0,0.0,5.06,0.0,,0.3,30.36,1.0,2.0,0.0,1,97,Brooklyn,Fort Greene,Boro Zone
2,2023-01-22 12:35:18,01/22/2023 12:47:38 PM,N,1.0,97,61,1.0,2.28,14.9,0.0,0.5,0.0,0.0,,1.0,16.4,2.0,1.0,0.0,1,97,Brooklyn,Fort Greene,Boro Zone
2,2023-01-31 18:05:35,01/31/2023 06:14:40 PM,N,1.0,97,49,1.0,1.15,9.3,2.5,0.5,1.33,0.0,,1.0,14.63,1.0,1.0,0.0,1,97,Brooklyn,Fort Greene,Boro Zone
1,2023-01-01 18:07:52,01/01/2023 06:35:38 PM,N,1.0,66,237,4.0,7.5,33.8,2.75,1.5,0.0,0.0,,1.0,38.05,2.0,1.0,2.75,1,66,Brooklyn,DUMBO/Vinegar Hill,Boro Zone
1,2023-01-13 14:47:57,01/13/2023 03:05:02 PM,N,1.0,65,61,0.0,2.0,13.5,0.0,1.5,3.75,0.0,,1.0,18.75,1.0,1.0,0.0,1,65,Brooklyn,Downtown Brooklyn/MetroTech,Boro Zone
1,2023-01-14 16:54:21,01/14/2023 05:18:42 PM,N,1.0,65,89,2.0,3.6,21.2,0.0,1.5,4.5,0.0,,1.0,27.2,1.0,1.0,0.0,1,65,Brooklyn,Downtown Brooklyn/MetroTech,Boro Zone
2,2023-01-14 22:51:58,01/14/2023 11:06:47 PM,N,1.0,97,225,1.0,2.48,15.6,1.0,0.5,3.62,0.0,,1.0,21.72,1.0,1.0,0.0,1,97,Brooklyn,Fort Greene,Boro Zone
2,2023-01-19 19:39:00,01/19/2023 07:55:00 PM,,,40,181,,2.57,14.31,0.0,0.0,3.06,0.0,,1.0,18.37,,,,1,40,Brooklyn,Carroll Gardens,Boro Zone
1,2023-01-24 17:56:29,01/24/2023 06:12:04 PM,N,1.0,65,17,1.0,2.1,15.6,2.5,1.5,0.0,0.0,,1.0,19.6,1.0,1.0,0.0,1,65,Brooklyn,Downtown Brooklyn/MetroTech,Boro Zone
2,2023-01-27 10:30:07,01/27/2023 10:36:43 AM,N,1.0,97,181,1.0,0.82,7.9,0.0,0.5,2.82,0.0,,1.0,12.22,1.0,1.0,0.0,1,97,Brooklyn,Fort Greene,Boro Zone
1,2023-01-13 12:17:34,01/13/2023 01:43:37 PM,N,1.0,39,141,3.0,18.9,68.0,2.75,1.5,0.0,0.0,,1.0,72.25,2.0,1.0,2.75,1,39,Brooklyn,Canarsie,Boro Zone
2,2023-01-02 16:53:00,01/02/2023 05:12:00 PM,,,155,178,,2.43,19.37,0.0,0.0,0.35,0.0,,1.0,20.72,,,,1,155,Brooklyn,Marine Park/Mill Basin,Boro Zone
1,2023-01-09 08:10:25,01/09/2023 09:09:01 AM,N,1.0,21,210,3.0,0.5,43.6,0.0,1.5,0.0,0.0,,1.0,45.1,2.0,1.0,0.0,1,21,Brooklyn,Bensonhurst East,Boro Zone
2,2023-01-14 07:54:03,01/14/2023 08:19:49 AM,N,1.0,65,72,1.0,5.9,29.6,0.0,0.5,6.22,0.0,,1.0,37.32,1.0,1.0,0.0,1,65,Brooklyn,Downtown Brooklyn/MetroTech,Boro Zone
1,2023-01-26 13:12:36,01/26/2023 01:20:13 PM,N,1.0,181,97,1.0,1.2,7.9,0.0,1.5,0.0,0.0,,1.0,9.4,3.0,1.0,0.0,1,181,Brooklyn,Park Slope,Boro Zone
2,2023-01-26 11:34:00,01/26/2023 12:12:00 PM,,,25,63,,6.93,28.4,0.0,0.0,0.53,0.0,,1.0,29.93,,,,1,25,Brooklyn,Boerum Hill,Boro Zone
1,2023-01-13 22:57:15,01/13/2023 11:08:56 PM,N,1.0,225,63,1.0,0.0,15.2,0.0,1.5,0.0,0.0,,1.0,16.7,1.0,1.0,0.0,1,225,Brooklyn,Stuyvesant Heights,Boro Zone
2,2023-01-04 19:21:59,01/04/2023 07:45:37 PM,N,1.0,97,89,1.0,3.08,22.6,2.5,0.5,5.32,0.0,,1.0,31.92,1.0,1.0,0.0,1,97,Brooklyn,Fort Greene,Boro Zone
2,2023-01-09 18:44:23,01/09/2023 06:50:31 PM,N,1.0,33,40,1.0,1.17,7.9,2.5,0.5,2.14,0.0,,1.0,14.04,1.0,1.0,0.0,1,33,Brooklyn,Brooklyn Heights,Boro Zone
1,2023-01-12 07:29:28,01/12/2023 08:10:26 AM,N,1.0,40,68,1.0,6.6,40.8,2.75,1.5,6.76,0.0,,1.0,51.81,1.0,1.0,2.75,1,40,Brooklyn,Carroll Gardens,Boro Zone
2,2023-01-24 08:59:00,01/24/2023 09:33:00 AM,,,106,17,,4.68,25.31,0.0,0.0,0.46,0.0,,1.0,26.77,,,,1,106,Brooklyn,Gowanus,Boro Zone
2,2023-01-29 17:49:20,01/29/2023 05:59:23 PM,N,1.0,97,181,1.0,1.03,10.0,0.0,0.5,2.3,0.0,,1.0,13.8,1.0,1.0,0.0,1,97,Brooklyn,Fort Greene,Boro Zone
2,2023-01-11 21:46:20,01/11/2023 09:51:35 PM,N,1.0,210,210,1.0,0.78,6.5,1.0,0.5,2.25,0.0,,1.0,11.25,1.0,1.0,0.0,1,210,Brooklyn,Sheepshead Bay,Boro Zone
2,2023-01-24 09:26:00,01/24/2023 09:36:00 AM,,,49,62,,1.52,12.18,0.0,0.0,2.64,0.0,,1.0,15.82,,,,1,49,Brooklyn,Clinton Hill,Boro Zone
2,2023-01-03 17:29:42,01/03/2023 05:40:21 PM,N,1.0,55,210,1.0,1.99,12.1,2.5,0.5,0.0,0.0,,1.0,16.1,2.0,1.0,0.0,1,55,Brooklyn,Coney Island,Boro Zone
1,2023-01-07 16:31:53,01/07/2023 04:46:55 PM,N,1.0,210,155,2.0,4.9,23.3,0.0,1.5,2.0,0.0,,1.0,26.8,1.0,1.0,0.0,1,210,Brooklyn,Sheepshead Bay,Boro Zone
2,2023-01-29 01:26:00,01/29/2023 01:39:00 AM,,,80,195,,6.56,28.41,0.0,0.0,5.88,0.0,,1.0,35.29,,,,1,80,Brooklyn,East Williamsburg,Boro Zone
1,2023-01-27 07:21:41,01/27/2023 08:45:22 AM,N,1.0,21,210,3.0,0.0,61.1,0.0,1.5,0.0,0.0,,1.0,62.6,2.0,1.0,0.0,1,21,Brooklyn,Bensonhurst East,Boro Zone
2,2023-01-20 16:55:00,01/20/2023 04:57:00 PM,,,195,195,,0.59,22.56,0.0,0.0,3.53,0.0,,1.0,27.09,,,,1,195,Brooklyn,Red Hook,Boro Zone
2,2023-01-21 19:22:00,01/21/2023 07:33:10 PM,N,1.0,97,40,1.0,1.83,12.1,0.0,0.5,2.72,0.0,,1.0,16.32,1.0,1.0,0.0,1,97,Brooklyn,Fort Greene,Boro Zone
2,2023-01-15 13:34:46,01/15/2023 01:51:24 PM,N,1.0,97,232,1.0,3.32,19.1,0.0,0.5,4.53,0.0,,0.3,27.18,1.0,1.0,2.75,1,97,Brooklyn,Fort Greene,Boro Zone
2,2023-01-13 08:54:00,01/13/2023 09:15:00 AM,,,33,246,,5.18,28.38,0.0,0.0,6.43,0.0,,1.0,38.56,,,,1,33,Brooklyn,Brooklyn Heights,Boro Zone
1,2023-01-30 18:29:34,01/30/2023 06:38:57 PM,N,1.0,210,210,1.0,1.2,7.5,1.0,1.5,0.0,0.0,,1.0,10.0,2.0,1.0,0.0,1,210,Brooklyn,Sheepshead Bay,Boro Zone
2,2023-01-06 23:22:48,01/06/2023 11:22:52 PM,N,5.0,62,62,2.0,0.0,15.0,0.0,0.0,3.06,0.0,,0.3,18.36,1.0,2.0,0.0,1,62,Brooklyn,Crown Heights South,Boro Zone
2,2023-01-01 02:42:25,01/01/2023 03:01:16 AM,N,1.0,256,189,1.0,3.63,20.5,1.0,0.5,0.0,0.0,,1.0,23.0,2.0,1.0,0.0,1,256,Brooklyn,Williamsburg (South Side),Boro Zone
2,2023-01-08 21:17:09,01/08/2023 09:25:33 PM,N,1.0,65,49,1.0,1.26,7.0,0.5,0.5,1.66,0.0,,0.3,9.96,1.0,1.0,0.0,1,65,Brooklyn,Downtown Brooklyn/MetroTech,Boro Zone
1,2023-01-05 16:55:21,01/05/2023 05:02:59 PM,N,1.0,17,49,0.0,1.2,7.0,1.0,1.5,0.0,0.0,,1.0,9.5,2.0,1.0,0.0,1,17,Brooklyn,Bedford,Boro Zone
2,2023-01-25 08:55:00,01/25/2023 09:06:00 AM,,,33,228,,3.61,19.55,0.0,0.0,4.11,0.0,,1.0,24.66,,,,1,33,Brooklyn,Brooklyn Heights,Boro Zone
2,2023-01-10 18:05:56,01/10/2023 06:17:02 PM,N,1.0,97,25,1.0,0.97,11.4,2.5,0.5,1.0,0.0,,0.3,15.7,1.0,1.0,0.0,1,97,Brooklyn,Fort Greene,Boro Zone
1,2023-01-19 13:53:07,01/19/2023 02:07:00 PM,N,1.0,195,106,1.0,0.0,18.5,0.0,1.5,0.0,0.0,,1.0,20.0,1.0,1.0,0.0,1,195,Brooklyn,Red Hook,Boro Zone
2,2023-01-29 13:45:50,01/29/2023 02:12:39 PM,N,1.0,97,140,1.0,8.0,36.6,0.0,0.5,6.0,0.0,,1.0,46.85,1.0,1.0,2.75,1,97,Brooklyn,Fort Greene,Boro Zone
2,2023-01-26 13:04:11,01/26/2023 01:17:16 PM,N,1.0,97,49,1.0,1.32,12.8,0.0,0.5,4.29,0.0,,1.0,18.59,1.0,1.0,0.0,1,97,Brooklyn,Fort Greene,Boro Zone
1,2023-01-29 17:30:46,01/29/2023 05:40:18 PM,N,1.0,61,35,2.0,0.9,7.5,0.0,1.5,0.0,0.0,,1.0,9.0,2.0,1.0,0.0,1,61,Brooklyn,Crown Heights North,Boro Zone
1,2023-01-21 15:05:39,01/21/2023 03:15:17 PM,N,1.0,65,97,1.0,1.0,7.5,0.0,1.5,1.0,0.0,,1.0,10.0,1.0,1.0,0.0,1,65,Brooklyn,Downtown Brooklyn/MetroTech,Boro Zone
2,2023-01-10 19:49:36,01/10/2023 07:55:06 PM,N,1.0,65,33,1.0,0.77,7.2,2.5,0.5,2.22,0.0,,0.3,12.72,1.0,1.0,0.0,1,65,Brooklyn,Downtown Brooklyn/MetroTech,Boro Zone
2,2023-01-26 12:36:59,01/26/2023 12:47:01 PM,N,1.0,97,181,1.0,0.71,10.0,0.0,0.5,2.3,0.0,,1.0,13.8,1.0,1.0,0.0,1,97,Brooklyn,Fort Greene,Boro Zone
2,2023-01-04 15:16:59,01/04/2023 03:31:08 PM,N,1.0,97,25,2.0,1.0,12.8,0.0,0.5,3.58,0.0,,1.0,17.88,1.0,1.0,0.0,1,97,Brooklyn,Fort Greene,Boro Zone
2,2023-01-01 02:33:55,01/01/2023 02:56:39 AM,N,1.0,112,17,1.0,4.29,24.0,1.0,0.5,0.0,0.0,,1.0,26.5,2.0,1.0,0.0,1,112,Brooklyn,Greenpoint,Boro Zone
1,2023-01-31 19:59:44,01/31/2023 08:41:06 PM,N,1.0,210,210,1.0,5.5,33.1,2.5,1.5,0.0,0.0,,1.0,37.1,2.0,1.0,0.0,1,210,Brooklyn,Sheepshead Bay,Boro Zone
2,2023-01-09 16:54:35,01/09/2023 05:16:38 PM,N,1.0,66,164,1.0,6.15,29.6,2.5,0.5,0.0,0.0,,1.0,36.35,2.0,1.0,2.75,1,66,Brooklyn,DUMBO/Vinegar Hill,Boro Zone
2,2023-01-06 23:52:00,01/07/2023 12:02:00 AM,,,40,49,,2.03,15.21,0.0,0.0,3.24,0.0,,1.0,19.45,,,,1,40,Brooklyn,Carroll Gardens,Boro Zone
2,2023-01-12 15:34:57,01/12/2023 04:00:46 PM,N,1.0,227,21,1.0,3.38,24.7,0.0,0.5,0.0,0.0,,1.0,26.2,2.0,1.0,0.0,1,227,Brooklyn,Sunset Park East,Boro Zone
2,2023-01-22 14:15:34,01/22/2023 03:02:56 PM,N,1.0,97,237,1.0,9.3,51.3,0.0,0.5,11.11,0.0,,1.0,66.66,1.0,1.0,2.75,1,97,Brooklyn,Fort Greene,Boro Zone
2,2023-01-08 20:02:24,01/08/2023 08:17:42 PM,N,1.0,33,17,1.0,3.19,18.4,1.0,0.5,0.0,0.0,,1.0,20.9,2.0,1.0,0.0,1,33,Brooklyn,Brooklyn Heights,Boro Zone
1,2023-01-07 13:28:34,01/07/2023 01:42:22 PM,N,1.0,66,162,1.0,6.0,25.4,2.75,1.5,5.9,0.0,,1.0,35.55,1.0,1.0,2.75,1,66,Brooklyn,DUMBO/Vinegar Hill,Boro Zone
2,2023-01-26 08:31:00,01/26/2023 09:09:00 AM,,,255,231,,4.56,27.46,0.0,0.0,4.68,0.0,,1.0,35.89,,,,1,255,Brooklyn,Williamsburg (North Side),Boro Zone
1,2023-01-17 11:02:17,01/17/2023 11:27:59 AM,N,1.0,85,225,1.0,4.5,18.5,0.0,1.5,0.0,0.0,,1.0,20.0,2.0,1.0,0.0,1,85,Brooklyn,Erasmus,Boro Zone
2,2023-01-07 12:42:46,01/07/2023 12:53:09 PM,N,1.0,97,181,1.0,1.68,12.1,0.0,0.5,2.5,0.0,,1.0,16.1,1.0,1.0,0.0,1,97,Brooklyn,Fort Greene,Boro Zone
2,2023-01-28 12:45:32,01/28/2023 01:03:52 PM,N,1.0,217,56,1.0,6.26,28.9,0.0,0.5,0.0,0.0,,1.0,30.4,2.0,1.0,0.0,1,217,Brooklyn,South Williamsburg,Boro Zone
1,2023-01-17 15:51:53,01/17/2023 04:26:24 PM,N,1.0,97,7,1.0,9.9,42.2,0.0,1.5,5.0,0.0,,1.0,48.7,1.0,1.0,0.0,1,97,Brooklyn,Fort Greene,Boro Zone
1,2023-01-21 18:07:10,01/21/2023 06:29:50 PM,N,1.0,65,37,1.0,3.2,21.9,0.0,1.5,4.65,0.0,,1.0,28.05,1.0,1.0,0.0,1,65,Brooklyn,Downtown Brooklyn/MetroTech,Boro Zone
2,2023-01-04 07:20:00,01/04/2023 07:36:00 AM,,,33,137,,5.54,25.27,0.0,0.0,5.8,0.0,,1.0,34.82,,,,1,33,Brooklyn,Brooklyn Heights,Boro Zone
2,2023-01-11 09:52:01,01/11/2023 10:02:14 AM,N,1.0,154,76,1.0,0.0,7.5,0.0,0.5,0.0,0.0,,0.3,8.3,2.0,1.0,0.0,1,154,Brooklyn,Marine Park/Floyd Bennett Field,Boro Zone
2,2023-01-08 02:45:37,01/08/2023 03:05:56 AM,N,1.0,112,90,2.0,5.7,27.5,1.0,0.5,8.19,0.0,,1.0,40.94,1.0,1.0,2.75,1,112,Brooklyn,Greenpoint,Boro Zone
1,2023-01-08 17:27:01,01/08/2023 05:42:59 PM,N,1.0,65,188,1.0,2.6,15.6,0.0,1.5,3.4,0.0,,1.0,20.5,1.0,1.0,0.0,1,65,Brooklyn,Downtown Brooklyn/MetroTech,Boro Zone
2,2023-01-28 17:12:00,01/28/2023 05:25:00 PM,,,225,36,,1.94,14.56,0.0,0.0,1.56,0.0,,1.0,17.12,,,,1,225,Brooklyn,Stuyvesant Heights,Boro Zone
1,2023-01-09 19:49:18,01/09/2023 07:54:49 PM,N,1.0,210,210,1.0,0.5,5.0,1.0,1.5,0.0,0.0,,1.0,7.5,2.0,1.0,0.0,1,210,Brooklyn,Sheepshead Bay,Boro Zone
2,2023-01-06 12:32:22,01/06/2023 12:43:54 PM,N,1.0,97,65,1.0,1.27,12.1,0.0,0.5,0.0,0.0,,0.3,12.9,2.0,1.0,0.0,1,97,Brooklyn,Fort Greene,Boro Zone
2,2023-01-02 11:38:06,01/02/2023 11:49:04 AM,N,1.0,97,181,2.0,1.73,13.5,0.0,0.5,0.0,0.0,,1.0,15.0,2.0,1.0,0.0,1,97,Brooklyn,Fort Greene,Boro Zone
2,2023-01-15 04:14:33,01/15/2023 04:34:24 AM,N,1.0,36,79,5.0,6.08,27.5,1.0,0.5,3.0,0.0,,1.0,35.75,1.0,1.0,2.75,1,36,Brooklyn,Bushwick North,Boro Zone
1,2023-01-26 11:10:54,01/26/2023 11:28:52 AM,N,1.0,195,14,1.0,0.0,20.2,0.0,1.5,0.0,0.0,,1.0,21.7,1.0,1.0,0.0,1,195,Brooklyn,Red Hook,Boro Zone
2,2023-01-16 11:02:51,01/16/2023 11:16:09 AM,N,1.0,33,255,1.0,3.89,19.8,0.0,0.5,4.26,0.0,,1.0,25.56,1.0,1.0,0.0,1,33,Brooklyn,Brooklyn Heights,Boro Zone
1,2023-01-13 19:46:45,01/13/2023 08:02:19 PM,N,1.0,65,17,1.0,2.0,13.5,2.5,1.5,3.5,0.0,,1.0,21.0,1.0,1.0,0.0,1,65,Brooklyn,Downtown Brooklyn/MetroTech,Boro Zone
2,2023-01-13 07:43:00,01/13/2023 08:28:00 AM,,,77,112,,5.31,36.06,0.0,0.0,0.0,0.0,,1.0,37.06,,,,1,77,Brooklyn,East New York/Pennsylvania Avenue,Boro Zone
2,2023-01-19 14:07:22,01/19/2023 02:11:34 PM,N,1.0,40,52,1.0,0.15,5.8,0.0,0.5,1.32,0.0,,0.3,7.92,1.0,1.0,0.0,1,40,Brooklyn,Carroll Gardens,Boro Zone
2,2023-01-14 13:14:00,01/14/2023 01:25:00 PM,,,33,66,,1.21,12.17,0.0,0.0,2.63,0.0,,1.0,15.8,,,,1,33,Brooklyn,Brooklyn Heights,Boro Zone
2,2023-01-26 07:58:04,01/26/2023 08:27:53 AM,N,1.0,52,233,1.0,7.19,34.5,0.0,0.5,0.0,0.0,,1.0,38.75,2.0,1.0,2.75,1,52,Brooklyn,Cobble Hill,Boro Zone
2,2023-01-18 21:43:00,01/18/2023 09:55:00 PM,,,37,17,,2.07,13.54,0.0,0.0,1.45,0.0,,1.0,15.99,,,,1,37,Brooklyn,Bushwick South,Boro Zone
2,2023-01-01 03:11:11,01/01/2023 03:11:15 AM,N,5.0,256,256,1.0,0.02,35.0,0.0,0.0,0.0,0.0,,0.3,35.3,1.0,2.0,0.0,1,256,Brooklyn,Williamsburg (South Side),Boro Zone
2,2023-01-16 14:07:46,01/16/2023 02:26:20 PM,N,1.0,65,188,1.0,3.11,19.8,0.0,0.5,4.26,0.0,,1.0,25.56,1.0,1.0,0.0,1,65,Brooklyn,Downtown Brooklyn/MetroTech,Boro Zone
1,2023-01-31 18:44:25,01/31/2023 06:55:20 PM,N,1.0,65,49,1.0,1.2,10.0,2.5,1.5,4.2,0.0,,1.0,18.2,1.0,1.0,0.0,1,65,Brooklyn,Downtown Brooklyn/MetroTech,Boro Zone
2,2023-01-05 13:19:00,01/05/2023 01:56:00 PM,,,97,78,,15.64,60.18,0.0,0.0,1.29,6.55,,1.0,69.02,,,,1,97,Brooklyn,Fort Greene,Boro Zone
1,2023-01-20 20:58:34,01/20/2023 09:16:46 PM,N,1.0,97,40,2.0,2.5,17.7,1.0,1.5,3.0,0.0,,1.0,23.2,1.0,1.0,0.0,1,97,Brooklyn,Fort Greene,Boro Zone
1,2023-01-14 21:41:42,01/14/2023 09:50:07 PM,N,1.0,255,256,1.0,0.7,9.3,1.0,1.5,0.0,0.0,,1.0,11.8,2.0,1.0,0.0,1,255,Brooklyn,Williamsburg (North Side),Boro Zone
2,2023-01-07 02:28:22,01/07/2023 02:43:58 AM,N,1.0,112,231,1.0,4.94,21.9,1.0,0.5,0.0,0.0,,1.0,27.15,1.0,1.0,2.75,1,112,Brooklyn,Greenpoint,Boro Zone
2,2023-01-16 03:45:36,01/16/2023 04:00:49 AM,N,1.0,36,256,5.0,3.77,18.4,1.0,0.5,10.0,0.0,,1.0,30.9,1.0,1.0,0.0,1,36,Brooklyn,Bushwick North,Boro Zone
1,2023-01-27 16:21:07,01/27/2023 04:33:44 PM,N,1.0,97,189,2.0,1.2,10.7,2.5,1.5,2.0,0.0,,1.0,16.7,1.0,1.0,0.0,1,97,Brooklyn,Fort Greene,Boro Zone
1,2023-01-18 08:55:48,01/18/2023 09:39:32 AM,N,1.0,210,92,1.0,0.0,51.5,0.0,1.5,0.0,0.0,,1.0,53.0,1.0,1.0,0.0,1,210,Brooklyn,Sheepshead Bay,Boro Zone
1,2023-01-10 16:08:24,01/10/2023 04:17:45 PM,N,1.0,65,181,1.0,1.2,7.5,1.0,1.5,2.0,0.0,,1.0,12.0,1.0,1.0,0.0,1,65,Brooklyn,Downtown Brooklyn/MetroTech,Boro Zone
1,2023-01-20 07:44:39,01/20/2023 08:01:30 AM,N,1.0,66,25,1.0,1.4,15.6,0.0,1.5,4.25,0.0,,1.0,21.35,1.0,1.0,0.0,1,66,Brooklyn,DUMBO/Vinegar Hill,Boro Zone
2,2023-01-17 18:30:24,01/17/2023 06:41:39 PM,N,1.0,65,49,1.0,1.0,11.4,2.5,0.5,0.0,0.0,,1.0,15.4,1.0,1.0,0.0,1,65,Brooklyn,Downtown Brooklyn/MetroTech,Boro Zone
2,2023-01-07 09:15:00,01/07/2023 09:36:00 AM,,,52,68,,5.56,27.97,0.0,0.0,6.34,0.0,,1.0,38.06,,,,1,52,Brooklyn,Cobble Hill,Boro Zone
2,2023-01-31 16:02:00,01/31/2023 04:49:00 PM,,,188,76,,4.08,21.72,0.0,0.0,0.39,0.0,,1.0,23.11,,,,1,188,Brooklyn,Prospect-Lefferts Gardens,Boro Zone
1,2023-01-19 17:13:32,01/19/2023 05:37:02 PM,N,1.0,65,49,1.0,1.2,19.8,2.5,1.5,4.75,0.0,,1.0,28.55,1.0,1.0,0.0,1,65,Brooklyn,Downtown Brooklyn/MetroTech,Boro Zone
2,2023-01-06 14:29:05,01/06/2023 02:48:40 PM,N,1.0,97,17,1.0,2.57,19.1,0.0,0.5,4.12,0.0,,1.0,24.72,1.0,1.0,0.0,1,97,Brooklyn,Fort Greene,Boro Zone
1,2023-01-26 20:58:48,01/26/2023 09:17:12 PM,N,1.0,65,89,1.0,0.0,15.6,1.0,1.5,0.0,0.0,,1.0,18.1,2.0,1.0,0.0,1,65,Brooklyn,Downtown Brooklyn/MetroTech,Boro Zone
2,2023-01-31 21:48:48,01/31/2023 09:55:06 PM,N,1.0,66,33,2.0,0.9,7.9,1.0,0.5,2.08,0.0,,1.0,12.48,1.0,1.0,0.0,1,66,Brooklyn,DUMBO/Vinegar Hill,Boro Zone
2,2023-01-07 19:49:54,01/07/2023 08:02:29 PM,N,1.0,65,87,1.0,2.59,15.6,1.0,0.5,4.17,0.0,,1.0,25.02,1.0,1.0,2.75,1,65,Brooklyn,Downtown Brooklyn/MetroTech,Boro Zone
2,2023-01-10 12:22:41,01/10/2023 12:31:20 PM,N,1.0,97,49,1.0,1.1,9.3,0.0,0.5,2.16,0.0,,1.0,12.96,1.0,1.0,0.0,1,97,Brooklyn,Fort Greene,Boro Zone
2,2023-01-31 22:14:52,01/31/2023 10:24:13 PM,N,1.0,97,61,1.0,1.7,8.5,0.5,0.5,0.0,0.0,,0.3,9.8,1.0,1.0,0.0,1,97,Brooklyn,Fort Greene,Boro Zone
2,2023-01-08 11:40:41,01/08/2023 11:51:29 AM,N,1.0,97,49,1.0,1.42,12.1,0.0,0.5,2.72,0.0,,1.0,16.32,1.0,1.0,0.0,1,97,Brooklyn,Fort Greene,Boro Zone
2,2023-01-24 13:56:11,01/24/2023 02:25:45 PM,N,1.0,97,257,1.0,4.04,28.9,0.0,0.5,6.08,0.0,,1.0,36.48,1.0,1.0,0.0,1,97,Brooklyn,Fort Greene,Boro Zone
2,2023-01-27 21:22:20,01/27/2023 09:32:47 PM,N,1.0,97,181,1.0,1.64,12.1,1.0,0.5,0.0,0.0,,1.0,14.6,2.0,1.0,0.0,1,97,Brooklyn,Fort Greene,Boro Zone
2,2023-01-17 12:12:21,01/17/2023 12:19:19 PM,N,1.0,97,97,1.0,0.7,7.9,0.0,0.5,5.0,0.0,,1.0,14.4,1.0,1.0,0.0,1,97,Brooklyn,Fort Greene,Boro Zone
1,2023-01-25 13:09:30,01/25/2023 01:35:02 PM,N,1.0,181,65,1.0,3.2,12.0,0.0,1.5,0.0,0.0,,1.0,13.5,2.0,1.0,0.0,1,181,Brooklyn,Park Slope,Boro Zone
1,2023-01-24 10:33:44,01/24/2023 10:46:21 AM,N,1.0,49,97,1.0,0.0,15.2,0.0,1.5,0.0,0.0,,1.0,16.7,1.0,1.0,0.0,1,49,Brooklyn,Clinton Hill,Boro Zone
2,2023-01-01 20:30:00,01/01/2023 08:57:00 PM,,,228,145,,10.21,47.25,0.0,0.0,8.05,0.0,,1.0,56.3,,,,1,228,Brooklyn,Sunset Park West,Boro Zone
2,2023-01-03 19:23:30,01/03/2023 07:38:46 PM,N,1.0,66,255,1.0,3.72,20.5,2.5,0.5,4.9,0.0,,1.0,29.4,1.0,1.0,0.0,1,66,Brooklyn,DUMBO/Vinegar Hill,Boro Zone
1,2023-01-02 10:43:14,01/02/2023 10:58:31 AM,N,1.0,55,210,1.0,0.0,20.2,0.0,1.5,0.0,0.0,,1.0,21.7,1.0,1.0,0.0,1,55,Brooklyn,Coney Island,Boro Zone
1,2023-01-07 17:37:20,01/07/2023 05:55:46 PM,N,1.0,65,61,1.0,3.0,17.0,0.0,1.5,3.0,0.0,,1.0,21.5,1.0,1.0,0.0,1,65,Brooklyn,Downtown Brooklyn/MetroTech,Boro Zone
2,2023-01-01 14:23:00,01/01/2023 02:58:00 PM,,,37,14,,11.89,53.61,0.0,0.0,10.92,0.0,,1.0,65.53,,,,1,37,Brooklyn,Bushwick South,Boro Zone
2,2023-01-12 12:59:25,01/12/2023 01:19:54 PM,N,1.0,52,61,1.0,3.42,15.5,0.0,0.5,0.0,0.0,,0.3,16.3,2.0,1.0,0.0,1,52,Brooklyn,Cobble Hill,Boro Zone
2,2023-01-06 22:39:57,01/06/2023 10:43:06 PM,N,1.0,97,97,1.0,0.6,5.8,1.0,0.5,0.0,0.0,,1.0,8.3,2.0,1.0,0.0,1,97,Brooklyn,Fort Greene,Boro Zone
1,2023-01-20 17:57:08,01/20/2023 06:41:21 PM,N,1.0,210,210,1.0,7.4,38.0,2.5,1.5,0.0,0.0,,1.0,42.0,2.0,1.0,0.0,1,210,Brooklyn,Sheepshead Bay,Boro Zone
2,2023-01-02 01:13:00,01/02/2023 01:17:00 AM,,,80,37,,0.95,12.02,0.0,0.0,1.95,0.0,,1.0,14.97,,,,1,80,Brooklyn,East Williamsburg,Boro Zone
2,2023-01-07 17:33:47,01/07/2023 05:52:55 PM,N,1.0,66,255,1.0,5.28,25.4,0.0,0.5,5.24,0.0,,0.3,31.44,1.0,1.0,0.0,1,66,Brooklyn,DUMBO/Vinegar Hill,Boro Zone
2,2023-01-26 22:01:18,01/26/2023 10:27:56 PM,N,1.0,66,234,2.0,8.16,36.6,1.0,0.5,5.0,0.0,,1.0,46.85,1.0,1.0,2.75,1,66,Brooklyn,DUMBO/Vinegar Hill,Boro Zone
2,2023-01-22 04:21:12,01/22/2023 04:33:23 AM,N,1.0,112,157,1.0,2.74,15.6,1.0,0.5,4.52,0.0,,1.0,22.62,1.0,1.0,0.0,1,112,Brooklyn,Greenpoint,Boro Zone
1,2023-01-27 19:14:02,01/27/2023 07:32:48 PM,N,1.0,210,91,1.0,5.4,19.0,1.0,1.5,0.0,0.0,,1.0,21.5,2.0,1.0,0.0,1,210,Brooklyn,Sheepshead Bay,Boro Zone
2,2023-01-22 04:43:55,01/22/2023 04:46:37 AM,N,1.0,181,25,2.0,0.17,4.4,1.0,0.5,0.0,0.0,,1.0,6.9,2.0,1.0,0.0,1,181,Brooklyn,Park Slope,Boro Zone
2,2023-01-09 13:44:30,01/10/2023 11:07:20 AM,N,1.0,17,256,1.0,1.0,9.3,0.0,0.5,0.0,0.0,,0.3,10.1,2.0,1.0,0.0,1,17,Brooklyn,Bedford,Boro Zone
1,2023-01-09 15:13:07,01/09/2023 03:26:06 PM,N,1.0,65,66,1.0,1.9,12.1,0.0,1.5,2.7,0.0,,1.0,16.3,1.0,1.0,0.0,1,65,Brooklyn,Downtown Brooklyn/MetroTech,Boro Zone
1,2023-01-07 16:31:58,01/07/2023 04:47:55 PM,N,1.0,65,61,2.0,2.4,14.9,0.0,1.5,0.0,0.0,,1.0,16.4,2.0,1.0,0.0,1,65,Brooklyn,Downtown Brooklyn/MetroTech,Boro Zone
2,2023-01-23 20:35:40,01/23/2023 09:05:06 PM,N,1.0,66,225,1.0,5.21,29.6,1.0,0.5,9.63,0.0,,1.0,41.73,1.0,1.0,0.0,1,66,Brooklyn,DUMBO/Vinegar Hill,Boro Zone
2,2023-01-25 10:20:00,01/25/2023 10:55:00 AM,,,65,230,,6.97,33.03,0.0,0.0,5.52,0.0,,1.0,42.3,,,,1,65,Brooklyn,Downtown Brooklyn/MetroTech,Boro Zone
2,2023-01-05 22:20:37,01/05/2023 10:37:01 PM,N,1.0,33,89,5.0,6.01,24.7,1.0,0.5,5.44,0.0,,1.0,32.64,1.0,1.0,0.0,1,33,Brooklyn,Brooklyn Heights,Boro Zone
1,2023-01-03 11:08:40,01/03/2023 11:17:23 AM,N,1.0,155,210,1.0,3.4,14.9,0.0,1.5,0.0,0.0,,1.0,16.4,2.0,1.0,0.0,1,155,Brooklyn,Marine Park/Mill Basin,Boro Zone
2,2023-01-26 08:50:19,01/26/2023 09:04:34 AM,N,1.0,33,65,1.0,0.55,12.8,0.0,0.5,4.29,0.0,,1.0,18.59,1.0,1.0,0.0,1,33,Brooklyn,Brooklyn Heights,Boro Zone
2,2023-01-19 00:49:13,01/19/2023 01:03:02 AM,N,1.0,97,188,2.0,3.07,17.0,1.0,0.5,0.0,0.0,,1.0,19.5,2.0,1.0,0.0,1,97,Brooklyn,Fort Greene,Boro Zone
1,2023-01-04 15:47:21,01/04/2023 04:01:34 PM,N,1.0,97,49,2.0,1.9,12.8,0.0,1.5,0.0,0.0,,1.0,14.3,2.0,1.0,0.0,1,97,Brooklyn,Fort Greene,Boro Zone
2,2023-01-12 14:15:32,01/12/2023 02:39:40 PM,N,1.0,65,61,1.0,3.83,24.0,0.0,0.5,5.1,0.0,,1.0,30.6,1.0,1.0,0.0,1,65,Brooklyn,Downtown Brooklyn/MetroTech,Boro Zone
2,2023-01-05 17:20:55,01/05/2023 05:25:49 PM,N,1.0,33,65,1.0,0.36,5.8,2.5,0.5,0.0,0.0,,1.0,9.8,2.0,1.0,0.0,1,33,Brooklyn,Brooklyn Heights,Boro Zone
1,2023-01-26 16:29:53,01/26/2023 05:16:43 PM,N,1.0,150,55,1.0,0.0,18.2,0.0,1.5,0.0,0.0,,1.0,19.7,1.0,1.0,0.0,1,150,Brooklyn,Manhattan Beach,Boro Zone
2,2023-01-18 09:16:00,01/18/2023 09:54:00 AM,,,25,48,,6.98,43.15,0.0,0.0,9.38,0.0,,1.0,56.28,,,,1,25,Brooklyn,Boerum Hill,Boro Zone
1,2023-01-30 21:00:40,01/30/2023 09:07:07 PM,N,1.0,210,210,1.0,0.9,6.0,0.5,1.5,0.0,0.0,,1.0,8.0,2.0,1.0,0.0,1,210,Brooklyn,Sheepshead Bay,Boro Zone
2,2023-01-06 21:46:19,01/06/2023 10:06:28 PM,N,1.0,25,68,1.0,4.81,24.0,1.0,0.5,7.31,0.0,,1.0,36.56,1.0,1.0,2.75,1,25,Brooklyn,Boerum Hill,Boro Zone
2,2023-01-24 13:25:00,01/24/2023 01:49:14 PM,N,1.0,52,170,1.0,7.28,34.5,0.0,0.5,7.61,0.0,,0.3,45.66,1.0,1.0,2.75,1,52,Brooklyn,Cobble Hill,Boro Zone
2,2023-01-07 10:58:00,01/07/2023 11:02:00 AM,,,33,33,,0.67,12.02,0.0,0.0,2.6,0.0,,1.0,15.62,,,,1,33,Brooklyn,Brooklyn Heights,Boro Zone
2,2023-01-21 12:25:36,01/21/2023 12:37:28 PM,N,1.0,65,17,1.0,1.92,12.8,0.0,0.5,1.0,0.0,,1.0,15.3,1.0,1.0,0.0,1,65,Brooklyn,Downtown Brooklyn/MetroTech,Boro Zone
2,2023-01-03 14:21:26,01/03/2023 02:34:40 PM,N,1.0,97,189,1.0,1.83,13.5,0.0,0.5,3.75,0.0,,1.0,18.75,1.0,1.0,0.0,1,97,Brooklyn,Fort Greene,Boro Zone
2,2023-01-17 13:35:00,01/17/2023 01:55:00 PM,,,225,49,,2.46,17.37,0.0,0.0,3.67,0.0,,1.0,22.04,,,,1,225,Brooklyn,Stuyvesant Heights,Boro Zone
2,2023-01-29 17:31:28,01/29/2023 05:40:11 PM,N,1.0,97,189,1.0,1.21,10.0,0.0,0.5,0.0,0.0,,1.0,11.5,2.0,1.0,0.0,1,97,Brooklyn,Fort Greene,Boro Zone
2,2023-01-24 16:57:21,01/24/2023 05:16:27 PM,N,1.0,97,61,1.0,2.26,13.0,1.0,0.5,2.0,0.0,,0.3,16.8,1.0,1.0,0.0,1,97,Brooklyn,Fort Greene,Boro Zone
2,2023-01-05 14:52:23,01/05/2023 03:03:47 PM,N,1.0,97,97,1.0,1.17,11.4,0.0,0.5,2.58,0.0,,1.0,15.48,1.0,1.0,0.0,1,97,Brooklyn,Fort Greene,Boro Zone
2,2023-01-01 18:58:39,01/01/2023 07:30:50 PM,N,1.0,256,125,4.0,5.93,33.1,0.0,0.5,7.47,0.0,,1.0,44.82,1.0,1.0,2.75,1,256,Brooklyn,Williamsburg (South Side),Boro Zone
2,2023-01-06 05:31:29,01/06/2023 06:06:36 AM,N,1.0,55,25,1.0,13.13,55.5,1.0,0.5,0.0,0.0,,1.0,58.0,2.0,1.0,0.0,1,55,Brooklyn,Coney Island,Boro Zone
2,2023-01-13 08:40:00,01/13/2023 09:24:00 AM,,,61,132,,9.9,47.86,0.0,0.0,9.77,0.0,,1.0,58.63,,,,1,61,Brooklyn,Crown Heights North,Boro Zone
2,2023-01-04 18:59:30,01/04/2023 07:05:15 PM,N,1.0,181,181,1.0,1.0,5.5,1.0,0.5,3.0,0.0,,0.3,10.3,1.0,1.0,0.0,1,181,Brooklyn,Park Slope,Boro Zone
2,2023-01-12 18:21:24,01/12/2023 06:26:48 PM,N,1.0,33,52,1.0,0.66,6.5,2.5,0.5,2.1,0.0,,1.0,12.6,1.0,1.0,0.0,1,33,Brooklyn,Brooklyn Heights,Boro Zone
2,2023-01-19 21:56:00,01/19/2023 10:04:00 PM,,,255,112,,1.5,13.11,0.0,0.0,2.82,0.0,,1.0,16.93,,,,1,255,Brooklyn,Williamsburg (North Side),Boro Zone
2,2023-01-26 20:24:25,01/26/2023 08:50:41 PM,N,1.0,66,100,1.0,7.0,34.5,1.0,0.5,0.0,0.0,,1.0,39.75,2.0,1.0,2.75,1,66,Brooklyn,DUMBO/Vinegar Hill,Boro Zone
2,2023-01-05 10:57:00,01/05/2023 11:21:00 AM,,,225,91,,5.6,29.18,0.0,0.0,6.04,0.0,,1.0,36.22,,,,1,225,Brooklyn,Stuyvesant Heights,Boro Zone
2,2023-01-17 13:35:34,01/17/2023 01:54:55 PM,N,1.0,17,33,1.0,2.94,19.1,0.0,0.5,3.0,0.0,,1.0,23.6,1.0,1.0,0.0,1,17,Brooklyn,Bedford,Boro Zone
2,2023-01-15 12:32:00,01/15/2023 12:38:00 PM,,,33,66,,1.07,12.12,0.0,0.0,2.62,0.0,,1.0,15.74,,,,1,33,Brooklyn,Brooklyn Heights,Boro Zone
2,2023-01-31 15:25:53,01/31/2023 03:45:03 PM,N,1.0,65,133,1.0,6.43,28.9,0.0,0.5,0.0,0.0,,1.0,30.4,2.0,1.0,0.0,1,65,Brooklyn,Downtown Brooklyn/MetroTech,Boro Zone
2,2023-01-01 02:25:00,01/01/2023 02:50:00 AM,,,66,41,,12.32,46.3,0.0,0.0,10.01,0.0,,1.0,60.06,,,,1,66,Brooklyn,DUMBO/Vinegar Hill,Boro Zone
1,2023-01-16 13:56:33,01/16/2023 02:21:10 PM,N,1.0,65,188,1.0,3.9,21.9,0.0,1.5,4.65,0.0,,1.0,28.05,1.0,1.0,0.0,1,65,Brooklyn,Downtown Brooklyn/MetroTech,Boro Zone
2,2023-01-14 10:58:04,01/14/2023 11:13:57 AM,N,5.0,217,197,1.0,10.23,65.0,0.0,0.0,13.2,0.0,,1.0,79.2,1.0,2.0,0.0,1,217,Brooklyn,South Williamsburg,Boro Zone
2,2023-01-06 10:18:31,01/06/2023 10:39:36 AM,N,1.0,65,17,2.0,2.67,19.8,0.0,0.5,1.0,0.0,,1.0,22.3,1.0,1.0,0.0,1,65,Brooklyn,Downtown Brooklyn/MetroTech,Boro Zone
1,2023-01-12 09:29:11,01/12/2023 09:41:54 AM,N,1.0,49,65,1.0,0.0,15.2,0.0,1.5,0.0,0.0,,1.0,16.7,1.0,1.0,0.0,1,49,Brooklyn,Clinton Hill,Boro Zone
2,2023-01-10 13:41:00,01/10/2023 02:05:00 PM,,,33,225,,4.33,29.67,0.0,0.0,0.55,0.0,,1.0,31.22,,,,1,33,Brooklyn,Brooklyn Heights,Boro Zone
2,2023-01-10 22:07:48,01/10/2023 10:17:41 PM,N,1.0,65,97,1.0,1.6,11.4,1.0,0.5,2.0,0.0,,1.0,15.9,1.0,1.0,0.0,1,65,Brooklyn,Downtown Brooklyn/MetroTech,Boro Zone
1,2023-01-19 07:47:01,01/19/2023 08:29:09 AM,N,1.0,21,123,3.0,0.0,32.4,0.0,1.5,0.0,0.0,,1.0,33.9,2.0,1.0,0.0,1,21,Brooklyn,Bensonhurst East,Boro Zone
2,2023-01-05 08:37:16,01/05/2023 08:48:23 AM,N,1.0,33,195,1.0,2.02,12.8,0.0,0.5,7.0,0.0,,1.0,21.3,1.0,1.0,0.0,1,33,Brooklyn,Brooklyn Heights,Boro Zone
2,2023-01-13 20:19:17,01/13/2023 08:36:04 PM,N,1.0,61,80,1.0,3.25,18.4,1.0,0.5,4.18,0.0,,1.0,25.08,1.0,1.0,0.0,1,61,Brooklyn,Crown Heights North,Boro Zone
2,2023-01-16 14:48:04,01/16/2023 03:12:38 PM,N,1.0,97,61,1.0,3.77,25.4,0.0,0.5,2.0,0.0,,1.0,28.9,1.0,1.0,0.0,1,97,Brooklyn,Fort Greene,Boro Zone
2,2023-01-09 13:19:57,01/09/2023 01:27:23 PM,N,1.0,97,49,1.0,1.14,8.6,0.0,0.5,1.5,0.0,,1.0,11.6,1.0,1.0,0.0,1,97,Brooklyn,Fort Greene,Boro Zone
2,2023-01-02 14:31:30,01/02/2023 02:39:22 PM,N,1.0,65,49,1.0,1.05,6.5,0.0,0.5,1.46,0.0,,0.3,8.76,1.0,1.0,0.0,1,65,Brooklyn,Downtown Brooklyn/MetroTech,Boro Zone
2,2023-01-15 16:06:50,01/15/2023 04:16:07 PM,N,1.0,65,97,1.0,1.13,10.0,0.0,0.5,2.3,0.0,,1.0,13.8,1.0,1.0,0.0,1,65,Brooklyn,Downtown Brooklyn/MetroTech,Boro Zone
2,2023-01-24 14:07:00,01/24/2023 02:30:00 PM,,,188,76,,4.52,24.99,0.0,0.0,0.46,0.0,,1.0,26.45,,,,1,188,Brooklyn,Prospect-Lefferts Gardens,Boro Zone
2,2023-01-12 08:17:55,01/12/2023 08:43:21 AM,N,1.0,33,162,1.0,7.07,31.7,0.0,0.5,10.78,0.0,,1.0,46.73,1.0,1.0,2.75,1,33,Brooklyn,Brooklyn Heights,Boro Zone
2,2023-01-20 15:29:24,01/20/2023 03:35:37 PM,N,2.0,49,17,1.0,0.5,70.0,0.0,0.5,0.0,0.0,,1.0,71.5,2.0,1.0,0.0,1,49,Brooklyn,Clinton Hill,Boro Zone
2,2023-01-07 10:46:54,01/07/2023 11:20:31 AM,N,1.0,55,35,1.0,10.98,47.1,0.0,0.5,0.0,0.0,,1.0,48.6,2.0,1.0,0.0,1,55,Brooklyn,Coney Island,Boro Zone
1,2023-01-01 04:10:25,01/01/2023 04:22:32 AM,N,1.0,256,52,1.0,5.1,22.6,1.0,1.5,5.0,0.0,,1.0,30.1,1.0,1.0,0.0,1,256,Brooklyn,Williamsburg (South Side),Boro Zone
2,2023-01-31 13:15:46,01/31/2023 01:28:16 PM,N,1.0,97,97,1.0,1.13,12.1,0.0,0.5,0.0,0.0,,1.0,13.6,2.0,1.0,0.0,1,97,Brooklyn,Fort Greene,Boro Zone
2,2023-01-28 16:07:15,01/28/2023 04:38:56 PM,N,1.0,97,89,1.0,4.28,29.6,0.0,0.5,6.22,0.0,,1.0,37.32,1.0,1.0,0.0,1,97,Brooklyn,Fort Greene,Boro Zone
2,2023-01-09 08:50:00,01/09/2023 09:22:00 AM,,,49,231,,4.11,24.83,0.0,0.0,5.14,0.0,,1.0,33.72,,,,1,49,Brooklyn,Clinton Hill,Boro Zone
2,2023-01-22 19:21:23,01/22/2023 07:39:12 PM,N,1.0,97,17,1.0,2.49,16.3,0.0,0.5,3.42,0.0,,0.3,20.52,1.0,1.0,0.0,1,97,Brooklyn,Fort Greene,Boro Zone
2,2023-01-18 08:40:00,01/18/2023 09:16:00 AM,,,80,71,,4.12,28.72,0.0,0.0,0.66,6.55,,1.0,36.93,,,,1,80,Brooklyn,East Williamsburg,Boro Zone
2,2023-01-25 08:55:00,01/25/2023 09:22:00 AM,,,106,17,,3.98,25.41,0.0,0.0,0.47,0.0,,1.0,26.88,,,,1,106,Brooklyn,Gowanus,Boro Zone
2,2023-01-29 11:45:02,01/29/2023 11:57:25 AM,N,1.0,65,49,1.0,2.07,14.2,0.0,0.5,2.83,0.0,,1.0,18.53,1.0,1.0,0.0,1,65,Brooklyn,Downtown Brooklyn/MetroTech,Boro Zone
2,2023-01-15 03:29:05,01/15/2023 03:39:34 AM,N,5.0,80,145,4.0,6.13,50.0,0.0,0.0,5.0,6.55,,0.3,61.85,1.0,2.0,0.0,1,80,Brooklyn,East Williamsburg,Boro Zone
1,2023-01-20 12:17:40,01/20/2023 12:55:08 PM,N,1.0,49,90,1.0,0.0,20.2,0.0,1.5,0.0,0.0,,1.0,21.7,1.0,1.0,0.0,1,49,Brooklyn,Clinton Hill,Boro Zone
1,2023-01-19 20:31:42,01/19/2023 09:01:10 PM,N,1.0,97,61,1.0,0.0,22.5,0.0,1.5,0.0,0.0,,1.0,24.0,1.0,1.0,0.0,1,97,Brooklyn,Fort Greene,Boro Zone
2,2023-01-27 14:17:19,01/27/2023 02:24:31 PM,N,1.0,97,25,1.0,0.89,8.6,0.0,0.5,0.0,0.0,,1.0,10.1,2.0,1.0,0.0,1,97,Brooklyn,Fort Greene,Boro Zone
2,2023-01-22 15:05:17,01/22/2023 03:12:26 PM,N,1.0,97,49,1.0,1.03,8.6,0.0,0.5,2.02,0.0,,1.0,12.12,1.0,1.0,0.0,1,97,Brooklyn,Fort Greene,Boro Zone
2,2023-01-10 17:50:00,01/10/2023 06:25:00 PM,,,36,7,,7.77,25.48,0.0,0.0,2.65,0.0,,1.0,29.13,,,,1,36,Brooklyn,Bushwick North,Boro Zone
2,2023-01-10 12:27:36,01/10/2023 12:45:30 PM,N,1.0,97,225,1.0,3.39,18.4,0.0,0.5,3.98,0.0,,1.0,23.88,1.0,1.0,0.0,1,97,Brooklyn,Fort Greene,Boro Zone
2,2023-01-28 16:46:07,01/28/2023 05:12:46 PM,N,1.0,97,188,1.0,3.31,17.5,0.0,0.5,0.0,0.0,,0.3,18.3,2.0,1.0,0.0,1,97,Brooklyn,Fort Greene,Boro Zone
2,2023-01-01 18:56:10,01/01/2023 06:56:11 PM,N,5.0,33,264,1.0,0.01,30.0,0.0,0.0,0.0,0.0,,0.3,30.3,1.0,2.0,0.0,1,33,Brooklyn,Brooklyn Heights,Boro Zone
2,2023-01-27 14:14:07,01/27/2023 02:49:09 PM,N,1.0,65,71,1.0,5.07,33.1,0.0,0.5,6.92,0.0,,1.0,41.52,1.0,1.0,0.0,1,65,Brooklyn,Downtown Brooklyn/MetroTech,Boro Zone
2,2023-01-26 17:09:15,01/26/2023 05:22:18 PM,N,1.0,65,97,1.0,1.0,12.8,2.5,0.5,3.36,0.0,,1.0,20.16,1.0,1.0,0.0,1,65,Brooklyn,Downtown Brooklyn/MetroTech,Boro Zone
1,2023-01-19 10:10:16,01/19/2023 10:31:05 AM,N,1.0,150,21,3.0,0.0,17.0,0.0,1.5,0.0,0.0,,1.0,18.5,2.0,1.0,0.0,1,150,Brooklyn,Manhattan Beach,Boro Zone
2,2023-01-20 21:32:06,01/20/2023 09:50:28 PM,N,1.0,97,225,1.0,3.0,14.0,0.5,0.5,1.0,0.0,,0.3,16.3,1.0,1.0,0.0,1,97,Brooklyn,Fort Greene,Boro Zone
1,2023-01-28 23:35:31,01/29/2023 12:12:51 AM,N,1.0,112,90,2.0,6.4,38.7,3.75,1.5,8.75,0.0,,1.0,52.7,1.0,1.0,2.75,1,112,Brooklyn,Greenpoint,Boro Zone
1,2023-01-15 14:55:00,01/15/2023 03:09:37 PM,N,1.0,61,97,2.0,2.0,11.5,0.0,1.5,0.0,0.0,,1.0,13.0,2.0,1.0,0.0,1,61,Brooklyn,Crown Heights North,Boro Zone
2,2023-01-06 11:42:00,01/06/2023 11:52:00 AM,,,65,52,,0.77,16.55,0.0,0.0,0.29,0.0,,1.0,17.84,,,,1,65,Brooklyn,Downtown Brooklyn/MetroTech,Boro Zone
1,2023-01-17 18:50:15,01/17/2023 07:17:20 PM,N,1.0,29,210,1.0,3.8,24.0,2.5,1.5,0.0,0.0,,1.0,28.0,2.0,1.0,0.0,1,29,Brooklyn,Brighton Beach,Boro Zone
1,2023-01-06 09:52:14,01/06/2023 10:12:01 AM,Y,1.0,66,162,1.0,6.2,28.9,2.75,1.5,9.9,0.0,,1.0,43.05,1.0,1.0,2.75,1,66,Brooklyn,DUMBO/Vinegar Hill,Boro Zone
2,2023-01-24 19:38:11,01/24/2023 07:46:19 PM,N,1.0,65,49,1.0,1.24,9.3,2.5,0.5,0.0,0.0,,0.3,12.6,2.0,1.0,0.0,1,65,Brooklyn,Downtown Brooklyn/MetroTech,Boro Zone
2,2023-01-22 21:02:59,01/22/2023 09:09:33 PM,N,1.0,66,66,2.0,0.4,7.2,1.0,0.5,0.0,0.0,,1.0,9.7,2.0,1.0,0.0,1,66,Brooklyn,DUMBO/Vinegar Hill,Boro Zone
1,2023-01-19 06:11:28,01/19/2023 06:11:39 AM,N,1.0,76,76,1.0,0.0,2.5,0.0,1.5,0.0,0.0,,1.0,4.0,3.0,1.0,0.0,1,76,Brooklyn,East New York,Boro Zone
2,2023-01-08 15:56:17,01/08/2023 04:14:53 PM,N,1.0,97,188,1.0,3.22,19.8,0.0,0.5,4.12,0.0,,0.3,24.72,1.0,1.0,0.0,1,97,Brooklyn,Fort Greene,Boro Zone
2,2023-01-20 10:17:00,01/20/2023 10:44:00 AM,,,49,162,,8.44,39.84,0.0,0.0,8.72,0.0,,1.0,52.31,,,,1,49,Brooklyn,Clinton Hill,Boro Zone
2,2023-01-06 11:19:47,01/06/2023 11:32:36 AM,N,1.0,97,25,1.0,0.76,12.1,0.0,0.5,2.72,0.0,,1.0,16.32,1.0,1.0,0.0,1,97,Brooklyn,Fort Greene,Boro Zone
2,2023-01-02 15:57:03,01/02/2023 04:19:39 PM,N,1.0,66,67,1.0,7.24,33.8,0.0,0.5,7.06,0.0,,1.0,42.36,1.0,1.0,0.0,1,66,Brooklyn,DUMBO/Vinegar Hill,Boro Zone
2,2023-01-04 20:16:20,01/05/2023 12:00:00 AM,N,1.0,66,112,1.0,4.44,21.2,1.0,0.5,4.74,0.0,,1.0,28.44,1.0,1.0,0.0,1,66,Brooklyn,DUMBO/Vinegar Hill,Boro Zone
1,2023-01-28 17:56:24,01/28/2023 06:47:47 PM,N,1.0,97,130,1.0,0.0,41.5,0.0,1.5,0.0,0.0,,1.0,43.0,1.0,1.0,0.0,1,97,Brooklyn,Fort Greene,Boro Zone
2,2023-01-12 17:30:10,01/12/2023 05:31:36 PM,N,1.0,97,97,1.0,0.0,3.7,2.5,0.5,0.0,0.0,,1.0,7.7,2.0,1.0,0.0,1,97,Brooklyn,Fort Greene,Boro Zone
1,2023-01-11 03:35:08,01/11/2023 04:02:51 AM,N,1.0,222,45,1.0,0.0,32.5,0.0,1.5,0.0,0.0,,1.0,34.0,1.0,1.0,0.0,1,222,Brooklyn,Starrett City,Boro Zone
2,2023-01-22 13:33:41,01/22/2023 01:36:31 PM,N,1.0,97,65,1.0,0.19,4.4,0.0,0.5,0.0,0.0,,1.0,5.9,2.0,1.0,0.0,1,97,Brooklyn,Fort Greene,Boro Zone
2,2023-01-13 17:39:26,01/13/2023 06:01:22 PM,N,1.0,97,189,2.0,1.58,19.1,2.5,0.5,4.62,0.0,,1.0,27.72,1.0,1.0,0.0,1,97,Brooklyn,Fort Greene,Boro Zone
2,2023-01-03 15:17:17,01/03/2023 03:30:10 PM,N,1.0,97,49,1.0,1.46,12.1,0.0,0.5,2.72,0.0,,1.0,16.32,1.0,1.0,0.0,1,97,Brooklyn,Fort Greene,Boro Zone
2,2023-01-26 17:41:53,01/26/2023 05:51:05 PM,N,1.0,65,49,1.0,1.27,7.5,1.0,0.5,1.86,0.0,,0.3,11.16,1.0,1.0,0.0,1,65,Brooklyn,Downtown Brooklyn/MetroTech,Boro Zone
2,2023-01-26 18:27:47,01/26/2023 06:39:02 PM,N,1.0,97,33,1.0,1.23,11.4,2.5,0.5,1.0,0.0,,1.0,16.4,1.0,1.0,0.0,1,97,Brooklyn,Fort Greene,Boro Zone
2,2023-01-16 03:31:57,01/16/2023 03:33:19 AM,N,5.0,61,61,1.0,0.1,16.0,0.0,0.0,0.0,0.0,,1.0,17.0,2.0,2.0,0.0,1,61,Brooklyn,Crown Heights North,Boro Zone
1,2023-01-28 10:57:17,01/28/2023 11:04:37 AM,N,1.0,97,66,1.0,1.2,7.0,0.0,1.5,0.0,0.0,,1.0,8.5,2.0,1.0,0.0,1,97,Brooklyn,Fort Greene,Boro Zone
1,2023-01-17 21:10:25,01/17/2023 09:47:01 PM,N,1.0,37,250,1.0,0.0,47.5,0.0,1.5,0.0,6.55,,1.0,55.55,1.0,1.0,0.0,1,37,Brooklyn,Bushwick South,Boro Zone
2,2023-01-29 00:12:08,01/29/2023 12:37:41 AM,N,1.0,52,186,1.0,6.33,29.6,1.0,0.5,2.0,0.0,,1.0,36.85,1.0,1.0,2.75,1,52,Brooklyn,Cobble Hill,Boro Zone
2,2023-01-07 13:54:19,01/07/2023 02:07:54 PM,N,1.0,97,189,1.0,1.79,14.2,0.0,0.5,3.14,0.0,,1.0,18.84,1.0,1.0,0.0,1,97,Brooklyn,Fort Greene,Boro Zone
2,2023-01-18 14:45:38,01/18/2023 03:07:08 PM,N,1.0,97,225,1.0,3.01,19.8,0.0,0.5,0.0,0.0,,1.0,21.3,2.0,1.0,0.0,1,97,Brooklyn,Fort Greene,Boro Zone
2,2023-01-08 18:07:00,01/08/2023 06:18:00 PM,,,66,17,,2.14,13.57,0.0,0.0,2.91,0.0,,1.0,17.48,,,,1,66,Brooklyn,DUMBO/Vinegar Hill,Boro Zone
2,2023-01-19 20:03:00,01/19/2023 08:21:00 PM,,,181,148,,3.25,18.64,0.0,0.0,2.0,0.0,,1.0,24.39,,,,1,181,Brooklyn,Park Slope,Boro Zone
2,2023-01-10 11:33:00,01/10/2023 11:59:00 AM,,,37,138,,8.44,35.8,0.0,0.0,2.0,0.0,,1.0,38.8,,,,1,37,Brooklyn,Bushwick South,Boro Zone
2,2023-01-13 15:21:00,01/13/2023 03:35:00 PM,,,188,35,,1.76,16.61,0.0,0.0,0.29,0.0,,1.0,17.9,,,,1,188,Brooklyn,Prospect-Lefferts Gardens,Boro Zone
2,2023-01-06 20:19:10,01/06/2023 08:32:39 PM,N,1.0,52,181,1.0,2.23,14.2,1.0,0.5,3.34,0.0,,1.0,20.04,1.0,1.0,0.0,1,52,Brooklyn,Cobble Hill,Boro Zone
1,2023-01-09 07:55:42,01/09/2023 08:11:07 AM,N,1.0,52,231,1.0,3.2,18.4,2.75,1.5,4.0,0.0,,1.0,26.65,1.0,1.0,2.75,1,52,Brooklyn,Cobble Hill,Boro Zone
2,2023-01-19 13:53:21,01/19/2023 02:53:19 PM,N,1.0,55,55,1.0,6.42,52.0,0.0,0.5,0.0,0.0,,1.0,53.5,2.0,1.0,0.0,1,55,Brooklyn,Coney Island,Boro Zone
1,2023-01-28 22:27:36,01/28/2023 10:50:00 PM,N,1.0,255,106,2.0,6.2,28.9,1.0,1.5,0.0,0.0,,1.0,31.4,1.0,1.0,0.0,1,255,Brooklyn,Williamsburg (North Side),Boro Zone
2,2023-01-01 17:30:25,01/01/2023 05:44:27 PM,N,1.0,97,181,1.0,1.94,14.2,0.0,0.5,3.14,0.0,,1.0,18.84,1.0,1.0,0.0,1,97,Brooklyn,Fort Greene,Boro Zone
2,2023-01-12 19:03:34,01/12/2023 07:34:19 PM,N,1.0,97,89,1.0,3.63,27.5,2.5,0.5,2.0,0.0,,1.0,33.5,1.0,1.0,0.0,1,97,Brooklyn,Fort Greene,Boro Zone
2,2023-01-11 00:58:00,01/11/2023 01:04:00 AM,,,37,37,,1.22,12.04,0.0,0.0,2.61,0.0,,1.0,15.65,,,,1,37,Brooklyn,Bushwick South,Boro Zone
1,2023-01-23 15:56:18,01/23/2023 04:26:09 PM,N,1.0,65,181,1.0,1.4,24.0,0.0,1.5,6.35,0.0,,1.0,31.85,1.0,1.0,0.0,1,65,Brooklyn,Downtown Brooklyn/MetroTech,Boro Zone
2,2023-01-18 15:26:15,01/18/2023 03:59:40 PM,N,1.0,97,100,1.0,7.96,40.1,0.0,0.5,8.87,0.0,,1.0,53.22,1.0,1.0,2.75,1,97,Brooklyn,Fort Greene,Boro Zone
2,2023-01-21 15:31:10,01/21/2023 03:40:37 PM,N,1.0,65,33,1.0,1.18,10.0,0.0,0.5,0.0,0.0,,1.0,11.5,2.0,1.0,0.0,1,65,Brooklyn,Downtown Brooklyn/MetroTech,Boro Zone
2,2023-01-07 21:58:00,01/07/2023 10:11:00 PM,,,36,36,,1.34,12.57,0.0,0.0,0.0,0.0,,1.0,13.57,,,,1,36,Brooklyn,Bushwick North,Boro Zone
2,2023-01-21 20:22:15,01/21/2023 08:35:32 PM,N,1.0,65,79,5.0,3.1,17.0,1.0,0.5,5.56,0.0,,1.0,27.81,1.0,1.0,2.75,1,65,Brooklyn,Downtown Brooklyn/MetroTech,Boro Zone
2,2023-01-12 18:37:20,01/12/2023 06:49:21 PM,N,1.0,210,21,1.0,3.26,16.3,2.5,0.5,0.0,0.0,,1.0,20.3,1.0,1.0,0.0,1,210,Brooklyn,Sheepshead Bay,Boro Zone
2,2023-01-14 16:18:05,01/14/2023 04:24:44 PM,N,1.0,97,97,1.0,0.55,7.9,0.0,0.5,2.35,0.0,,1.0,11.75,1.0,1.0,0.0,1,97,Brooklyn,Fort Greene,Boro Zone
2,2023-01-24 14:42:32,01/24/2023 02:52:19 PM,N,1.0,97,97,1.0,1.2,10.7,0.0,0.5,2.88,0.0,,0.3,14.38,1.0,1.0,0.0,1,97,Brooklyn,Fort Greene,Boro Zone
2,2023-01-30 08:39:00,01/30/2023 09:02:00 AM,,,181,65,,2.52,14.9,0.0,0.0,2.0,0.0,,1.0,17.9,,,,1,181,Brooklyn,Park Slope,Boro Zone
2,2023-01-12 12:05:01,01/12/2023 12:18:03 PM,N,5.0,97,181,1.0,1.82,20.0,0.0,0.0,8.8,0.0,,0.3,29.1,1.0,2.0,0.0,1,97,Brooklyn,Fort Greene,Boro Zone
2,2023-01-31 22:21:25,01/31/2023 10:27:35 PM,N,1.0,66,97,5.0,1.57,9.3,1.0,0.5,1.0,0.0,,1.0,12.8,1.0,1.0,0.0,1,66,Brooklyn,DUMBO/Vinegar Hill,Boro Zone
2,2023-01-14 17:40:17,01/14/2023 05:50:13 PM,N,1.0,25,181,2.0,1.77,11.4,0.0,0.5,0.0,0.0,,1.0,12.9,2.0,1.0,0.0,1,25,Brooklyn,Boerum Hill,Boro Zone
2,2023-01-27 22:44:00,01/27/2023 11:00:00 PM,,,76,36,,4.04,18.37,0.0,0.0,0.0,0.0,,1.0,19.37,,,,1,76,Brooklyn,East New York,Boro Zone
2,2023-01-03 21:39:24,01/03/2023 10:03:38 PM,N,1.0,66,163,1.0,7.87,35.2,1.0,0.5,0.0,0.0,,1.0,40.45,2.0,1.0,2.75,1,66,Brooklyn,DUMBO/Vinegar Hill,Boro Zone
1,2023-01-10 14:07:10,01/10/2023 02:24:49 PM,N,1.0,195,106,1.0,0.0,18.5,0.0,1.5,0.0,0.0,,1.0,20.0,1.0,1.0,0.0,1,195,Brooklyn,Red Hook,Boro Zone
2,2023-01-21 19:55:56,01/21/2023 07:55:59 PM,N,5.0,29,264,1.0,0.0,8.0,0.0,0.0,2.7,0.0,,1.0,11.7,1.0,2.0,0.0,1,29,Brooklyn,Brighton Beach,Boro Zone
2,2023-01-22 05:14:42,01/22/2023 06:15:40 AM,N,4.0,112,265,2.0,35.39,208.8,1.0,0.5,0.0,0.0,,1.0,211.3,2.0,1.0,0.0,1,112,Brooklyn,Greenpoint,Boro Zone
2,2023-01-03 11:09:52,01/03/2023 11:33:45 AM,N,1.0,97,40,1.0,2.2,20.5,0.0,0.5,5.5,0.0,,1.0,27.5,1.0,1.0,0.0,1,97,Brooklyn,Fort Greene,Boro Zone
1,2023-01-11 13:56:21,01/11/2023 02:24:01 PM,N,1.0,25,61,1.0,0.0,17.2,0.0,1.5,0.0,0.0,,1.0,18.7,1.0,1.0,0.0,1,25,Brooklyn,Boerum Hill,Boro Zone
2,2023-01-13 08:31:28,01/13/2023 08:56:58 AM,N,1.0,52,163,1.0,8.05,35.9,0.0,0.5,7.89,0.0,,0.3,47.34,1.0,1.0,2.75,1,52,Brooklyn,Cobble Hill,Boro Zone
1,2023-01-24 13:39:50,01/24/2023 01:58:37 PM,N,1.0,65,33,1.0,1.4,13.5,0.0,1.5,3.0,0.0,,1.0,18.0,1.0,1.0,0.0,1,65,Brooklyn,Downtown Brooklyn/MetroTech,Boro Zone
2,2023-01-25 11:27:44,01/25/2023 11:32:48 AM,N,1.0,33,40,1.0,0.91,7.2,0.0,0.5,1.74,0.0,,1.0,10.44,1.0,1.0,0.0,1,33,Brooklyn,Brooklyn Heights,Boro Zone
1,2023-01-22 14:43:36,01/22/2023 03:58:23 PM,N,1.0,123,64,1.0,0.0,54.2,0.0,1.5,0.0,0.0,,1.0,55.7,1.0,1.0,0.0,1,123,Brooklyn,Homecrest,Boro Zone
2,2023-01-21 23:26:52,01/21/2023 11:46:43 PM,N,5.0,255,145,1.0,4.46,57.0,0.0,0.0,11.6,0.0,,1.0,69.6,1.0,2.0,0.0,1,255,Brooklyn,Williamsburg (North Side),Boro Zone
2,2023-01-21 14:38:30,01/21/2023 03:09:01 PM,N,1.0,255,170,1.0,5.46,33.1,0.0,0.5,7.47,0.0,,1.0,44.82,1.0,1.0,2.75,1,255,Brooklyn,Williamsburg (North Side),Boro Zone
1,2023-01-28 02:47:52,01/28/2023 03:04:01 AM,N,1.0,25,225,3.0,3.5,13.5,0.5,1.5,0.0,0.0,,1.0,15.5,2.0,1.0,0.0,1,25,Brooklyn,Boerum Hill,Boro Zone
1,2023-01-28 09:18:39,01/28/2023 09:32:40 AM,N,1.0,65,181,1.0,2.5,15.6,0.0,1.5,2.5,0.0,,1.0,19.6,1.0,1.0,0.0,1,65,Brooklyn,Downtown Brooklyn/MetroTech,Boro Zone
2,2023-01-30 12:36:26,01/30/2023 12:57:40 PM,N,1.0,33,88,1.0,3.05,21.2,0.0,0.5,6.19,0.0,,0.3,30.94,1.0,1.0,2.75,1,33,Brooklyn,Brooklyn Heights,Boro Zone
1,2023-01-31 08:21:21,01/31/2023 09:22:27 AM,N,1.0,91,209,1.0,0.0,33.5,0.0,1.5,0.0,0.0,,1.0,35.0,1.0,1.0,0.0,1,91,Brooklyn,Flatlands,Boro Zone
1,2023-01-29 12:26:03,01/29/2023 01:06:29 PM,N,1.0,62,254,1.0,0.0,56.5,0.0,1.5,0.0,6.55,,1.0,64.55,1.0,1.0,0.0,1,62,Brooklyn,Crown Heights South,Boro Zone
2,2023-01-19 19:10:48,01/19/2023 07:24:19 PM,N,1.0,97,49,1.0,1.29,12.8,2.5,0.5,3.36,0.0,,1.0,20.16,1.0,1.0,0.0,1,97,Brooklyn,Fort Greene,Boro Zone
1,2023-01-14 13:06:36,01/14/2023 01:19:27 PM,N,1.0,97,188,1.0,2.7,15.6,0.0,1.5,0.0,0.0,,1.0,17.1,1.0,1.0,0.0,1,97,Brooklyn,Fort Greene,Boro Zone
1,2023-01-22 12:27:55,01/22/2023 12:58:57 PM,N,1.0,14,210,1.0,0.0,28.2,0.0,1.5,0.0,0.0,,1.0,29.7,1.0,1.0,0.0,1,14,Brooklyn,Bay Ridge,Boro Zone
2,2023-01-23 17:47:49,01/23/2023 05:58:08 PM,N,1.0,112,80,2.0,1.35,10.7,2.5,0.5,2.94,0.0,,1.0,17.64,1.0,1.0,0.0,1,112,Brooklyn,Greenpoint,Boro Zone
2,2023-01-25 09:31:29,01/25/2023 09:36:00 AM,N,1.0,65,25,1.0,0.86,6.5,0.0,0.5,0.0,0.0,,0.3,7.3,2.0,1.0,0.0,1,65,Brooklyn,Downtown Brooklyn/MetroTech,Boro Zone
2,2023-01-02 09:13:33,01/02/2023 09:16:00 AM,N,1.0,49,49,1.0,0.67,5.1,0.0,0.5,0.0,0.0,,1.0,6.6,2.0,1.0,0.0,1,49,Brooklyn,Clinton Hill,Boro Zone
2,2023-01-27 03:04:11,01/27/2023 03:38:13 AM,N,1.0,80,24,5.0,11.29,46.4,1.0,0.5,11.64,6.55,,1.0,69.84,1.0,1.0,2.75,1,80,Brooklyn,East Williamsburg,Boro Zone
2,2023-01-06 08:06:58,01/06/2023 08:23:06 AM,N,1.0,65,186,1.0,4.43,21.2,0.0,0.5,0.08,0.0,,0.3,24.83,1.0,1.0,2.75,1,65,Brooklyn,Downtown Brooklyn/MetroTech,Boro Zone
2,2023-01-16 10:48:54,01/16/2023 11:02:50 AM,N,1.0,33,144,1.0,2.72,15.6,0.0,0.5,3.0,0.0,,1.0,22.85,1.0,1.0,2.75,1,33,Brooklyn,Brooklyn Heights,Boro Zone
2,2023-01-17 16:11:20,01/17/2023 04:39:07 PM,N,1.0,97,14,1.0,5.69,31.0,2.5,0.5,0.0,0.0,,1.0,35.0,2.0,1.0,0.0,1,97,Brooklyn,Fort Greene,Boro Zone
2,2023-01-22 04:55:37,01/22/2023 05:01:24 AM,N,1.0,112,80,5.0,1.17,7.9,1.0,0.5,3.12,0.0,,1.0,13.52,1.0,1.0,0.0,1,112,Brooklyn,Greenpoint,Boro Zone
1,2023-01-10 14:12:17,01/10/2023 02:22:14 PM,N,1.0,97,49,1.0,0.0,15.2,0.0,1.5,0.0,0.0,,1.0,16.7,1.0,1.0,0.0,1,97,Brooklyn,Fort Greene,Boro Zone
2,2023-01-23 17:36:53,01/23/2023 05:57:15 PM,N,1.0,97,257,1.0,2.83,19.8,2.5,0.5,4.0,0.0,,1.0,27.8,1.0,1.0,0.0,1,97,Brooklyn,Fort Greene,Boro Zone
2,2023-01-30 20:19:11,01/30/2023 08:19:14 PM,N,5.0,97,264,1.0,0.0,10.0,0.0,0.0,2.06,0.0,,0.3,12.36,1.0,2.0,0.0,1,97,Brooklyn,Fort Greene,Boro Zone
2,2023-01-13 00:57:28,01/13/2023 01:05:07 AM,N,1.0,36,225,5.0,1.53,10.0,1.0,0.5,2.5,0.0,,1.0,15.0,1.0,1.0,0.0,1,36,Brooklyn,Bushwick North,Boro Zone
2,2023-01-12 20:39:03,01/12/2023 09:11:33 PM,N,1.0,255,100,3.0,6.32,32.4,1.0,0.5,7.53,0.0,,1.0,45.18,1.0,1.0,2.75,1,255,Brooklyn,Williamsburg (North Side),Boro Zone
2,2023-01-19 11:24:00,01/19/2023 11:38:00 AM,,,25,195,,2.18,16.68,0.0,0.0,0.29,0.0,,1.0,17.97,,,,1,25,Brooklyn,Boerum Hill,Boro Zone
2,2023-01-28 01:18:03,01/28/2023 01:51:39 AM,N,1.0,36,79,3.0,6.8,34.5,1.0,0.5,7.95,0.0,,1.0,47.7,1.0,1.0,2.75,1,36,Brooklyn,Bushwick North,Boro Zone
1,2023-01-01 03:34:36,01/01/2023 03:50:04 AM,N,1.0,40,249,1.0,4.1,20.5,3.75,1.5,0.0,0.0,,1.0,25.75,2.0,1.0,2.75,1,40,Brooklyn,Carroll Gardens,Boro Zone
1,2023-01-26 21:17:00,01/26/2023 09:23:46 PM,N,1.0,210,29,1.0,1.2,7.9,1.0,1.5,2.05,0.0,,1.0,12.45,1.0,1.0,0.0,1,210,Brooklyn,Sheepshead Bay,Boro Zone
1,2023-01-03 02:39:59,01/03/2023 02:58:52 AM,N,1.0,65,227,1.0,6.5,21.0,0.5,1.5,3.0,0.0,,1.0,26.0,1.0,1.0,0.0,1,65,Brooklyn,Downtown Brooklyn/MetroTech,Boro Zone
2,2023-01-17 18:05:41,01/17/2023 06:16:21 PM,N,1.0,97,49,1.0,1.78,12.1,2.5,0.5,3.22,0.0,,1.0,19.32,1.0,1.0,0.0,1,97,Brooklyn,Fort Greene,Boro Zone
2,2023-01-23 11:30:16,01/23/2023 11:37:19 AM,N,1.0,62,61,1.0,1.1,8.6,0.0,0.5,0.0,0.0,,1.0,10.1,2.0,1.0,0.0,1,62,Brooklyn,Crown Heights South,Boro Zone
1,2023-01-14 04:13:13,01/14/2023 04:30:55 AM,N,1.0,25,112,2.0,6.0,19.0,0.5,1.5,6.25,0.0,,1.0,27.25,1.0,1.0,0.0,1,25,Brooklyn,Boerum Hill,Boro Zone
2,2023-01-31 18:53:00,01/31/2023 07:07:00 PM,,,26,25,,4.12,17.57,0.0,0.0,0.0,0.0,,1.0,18.57,,,,1,26,Brooklyn,Borough Park,Boro Zone
1,2023-01-26 09:22:53,01/26/2023 09:48:26 AM,N,5.0,256,137,1.0,3.3,0.01,0.0,1.0,0.0,0.0,,1.0,1.01,2.0,1.0,0.0,1,256,Brooklyn,Williamsburg (South Side),Boro Zone
2,2023-01-22 02:25:07,01/22/2023 02:41:14 AM,N,1.0,112,211,1.0,4.52,22.6,1.0,0.5,5.57,0.0,,1.0,33.42,1.0,1.0,2.75,1,112,Brooklyn,Greenpoint,Boro Zone
2,2023-01-03 18:59:27,01/03/2023 07:08:54 PM,N,1.0,97,49,2.0,1.7,10.7,2.5,0.5,2.94,0.0,,1.0,17.64,1.0,1.0,0.0,1,97,Brooklyn,Fort Greene,Boro Zone
2,2023-01-02 17:43:29,01/02/2023 05:53:42 PM,N,1.0,65,112,1.0,4.27,19.1,0.0,0.5,0.0,0.0,,1.0,20.6,2.0,1.0,0.0,1,65,Brooklyn,Downtown Brooklyn/MetroTech,Boro Zone
2,2023-01-20 21:56:01,01/20/2023 10:17:16 PM,N,1.0,66,189,1.0,3.53,21.9,1.0,0.5,4.88,0.0,,1.0,29.28,1.0,1.0,0.0,1,66,Brooklyn,DUMBO/Vinegar Hill,Boro Zone
1,2023-01-12 18:08:31,01/12/2023 06:30:27 PM,N,1.0,65,189,3.0,1.8,15.6,2.5,1.5,4.9,0.0,,1.0,24.5,1.0,1.0,0.0,1,65,Brooklyn,Downtown Brooklyn/MetroTech,Boro Zone
2,2023-01-27 16:18:00,01/27/2023 05:13:00 PM,,,189,132,,12.85,49.01,0.0,0.0,5.0,0.0,,1.0,55.01,,,,1,189,Brooklyn,Prospect Heights,Boro Zone
2,2023-01-06 20:09:10,01/06/2023 08:19:49 PM,N,1.0,65,49,1.0,1.46,8.5,0.5,0.5,2.45,0.0,,0.3,12.25,1.0,1.0,0.0,1,65,Brooklyn,Downtown Brooklyn/MetroTech,Boro Zone
2,2023-01-20 19:18:46,01/20/2023 07:51:50 PM,N,1.0,255,181,1.0,4.19,28.9,2.5,0.5,3.0,0.0,,1.0,35.9,1.0,1.0,0.0,1,255,Brooklyn,Williamsburg (North Side),Boro Zone
2,2023-01-17 19:38:40,01/17/2023 07:48:51 PM,N,1.0,97,189,1.0,1.6,8.5,1.0,0.5,0.0,0.0,,0.3,10.3,2.0,1.0,0.0,1,97,Brooklyn,Fort Greene,Boro Zone
2,2023-01-01 04:35:58,01/01/2023 04:40:44 AM,N,1.0,181,181,1.0,1.52,8.6,1.0,0.5,2.22,0.0,,1.0,13.32,1.0,1.0,0.0,1,181,Brooklyn,Park Slope,Boro Zone
2,2023-01-26 17:44:45,01/26/2023 06:28:29 PM,N,1.0,65,230,1.0,8.47,45.0,2.5,0.5,10.35,0.0,,1.0,62.1,1.0,1.0,2.75,1,65,Brooklyn,Downtown Brooklyn/MetroTech,Boro Zone
2,2023-01-03 17:22:49,01/03/2023 06:09:31 PM,N,1.0,255,132,1.0,12.62,56.9,2.5,0.5,0.0,0.0,,1.0,60.9,2.0,1.0,0.0,1,255,Brooklyn,Williamsburg (North Side),Boro Zone
2,2023-01-27 06:57:35,01/27/2023 07:15:40 AM,N,1.0,33,161,1.0,7.27,30.3,0.0,0.5,8.64,0.0,,1.0,43.19,1.0,1.0,2.75,1,33,Brooklyn,Brooklyn Heights,Boro Zone
2,2023-01-22 00:17:33,01/22/2023 12:31:29 AM,N,1.0,228,133,1.0,2.77,16.3,1.0,0.5,0.0,0.0,,1.0,18.8,2.0,1.0,0.0,1,228,Brooklyn,Sunset Park West,Boro Zone
2,2023-01-17 16:21:00,01/17/2023 04:42:20 PM,N,1.0,97,25,2.0,1.33,11.4,2.5,0.5,0.0,0.0,,1.0,15.4,2.0,1.0,0.0,1,97,Brooklyn,Fort Greene,Boro Zone
2,2023-01-16 11:24:10,01/16/2023 11:41:27 AM,N,1.0,97,231,1.0,3.25,19.8,0.0,0.5,4.81,0.0,,1.0,28.86,1.0,1.0,2.75,1,97,Brooklyn,Fort Greene,Boro Zone
1,2023-01-09 09:28:57,01/09/2023 10:47:49 AM,N,1.0,123,168,1.0,0.0,65.2,0.0,1.5,0.0,6.55,,1.0,73.25,1.0,1.0,0.0,1,123,Brooklyn,Homecrest,Boro Zone
2,2023-01-09 20:10:49,01/09/2023 08:18:51 PM,N,1.0,97,49,1.0,1.28,10.0,1.0,0.5,3.12,0.0,,1.0,15.62,1.0,1.0,0.0,1,97,Brooklyn,Fort Greene,Boro Zone
2,2023-01-09 18:37:40,01/09/2023 06:49:40 PM,N,1.0,97,49,1.0,1.42,12.1,2.5,0.5,4.02,0.0,,1.0,20.12,1.0,1.0,0.0,1,97,Brooklyn,Fort Greene,Boro Zone
2,2023-01-02 22:04:00,01/02/2023 10:29:00 PM,,,181,68,,5.61,28.8,0.0,0.0,6.51,0.0,,1.0,39.06,,,,1,181,Brooklyn,Park Slope,Boro Zone
2,2023-01-24 17:26:19,01/24/2023 06:01:48 PM,N,1.0,97,74,1.0,10.45,46.4,2.5,0.5,1.11,0.0,,1.0,54.26,1.0,1.0,2.75,1,97,Brooklyn,Fort Greene,Boro Zone
2,2023-01-08 03:27:48,01/08/2023 03:52:23 AM,N,1.0,255,48,2.0,6.79,31.0,1.0,0.5,0.0,0.0,,1.0,36.25,2.0,1.0,2.75,1,255,Brooklyn,Williamsburg (North Side),Boro Zone
1,2023-01-27 06:48:48,01/27/2023 07:22:43 AM,N,1.0,76,25,1.0,0.0,27.5,0.0,1.5,0.0,0.0,,1.0,29.0,1.0,1.0,0.0,1,76,Brooklyn,East New York,Boro Zone
1,2023-01-03 08:41:30,01/03/2023 09:07:20 AM,N,1.0,76,89,1.0,0.0,20.2,0.0,1.5,0.0,0.0,,1.0,21.7,1.0,1.0,0.0,1,76,Brooklyn,East New York,Boro Zone
1,2023-01-22 13:17:26,01/22/2023 01:28:59 PM,N,1.0,210,210,1.0,1.0,8.5,0.0,1.5,0.0,0.0,,1.0,10.0,2.0,1.0,0.0,1,210,Brooklyn,Sheepshead Bay,Boro Zone
2,2023-01-16 10:50:57,01/16/2023 10:53:50 AM,N,5.0,49,49,1.0,0.0,30.0,0.0,0.0,6.2,0.0,,1.0,37.2,1.0,2.0,0.0,1,49,Brooklyn,Clinton Hill,Boro Zone
2,2023-01-21 13:45:26,01/21/2023 01:53:52 PM,N,1.0,49,61,1.0,1.76,11.4,0.0,0.5,0.0,0.0,,1.0,12.9,2.0,1.0,0.0,1,49,Brooklyn,Clinton Hill,Boro Zone
1,2023-01-17 20:24:48,01/17/2023 08:37:39 PM,N,1.0,22,210,1.0,4.1,14.5,0.5,1.5,0.0,0.0,,1.0,16.5,2.0,1.0,0.0,1,22,Brooklyn,Bensonhurst West,Boro Zone
2,2023-01-09 17:10:52,01/09/2023 05:21:24 PM,N,1.0,97,49,1.0,1.13,10.7,2.5,0.5,3.68,0.0,,1.0,18.38,1.0,1.0,0.0,1,97,Brooklyn,Fort Greene,Boro Zone
2,2023-01-14 16:37:29,01/14/2023 04:48:11 PM,N,1.0,65,49,1.0,1.38,11.4,0.0,0.5,2.58,0.0,,1.0,15.48,1.0,1.0,0.0,1,65,Brooklyn,Downtown Brooklyn/MetroTech,Boro Zone
1,2023-01-29 20:55:02,01/29/2023 08:59:29 PM,N,1.0,210,210,1.0,0.5,5.8,1.0,1.5,2.05,0.0,,1.0,10.35,1.0,1.0,0.0,1,210,Brooklyn,Sheepshead Bay,Boro Zone
2,2023-01-05 18:37:00,01/05/2023 06:57:14 PM,N,1.0,97,87,1.0,3.74,21.9,2.5,0.5,5.73,0.0,,1.0,34.38,1.0,1.0,2.75,1,97,Brooklyn,Fort Greene,Boro Zone
2,2023-01-15 04:19:51,01/15/2023 04:37:44 AM,N,1.0,80,95,1.0,6.06,26.8,1.0,0.5,5.86,0.0,,1.0,35.16,1.0,1.0,0.0,1,80,Brooklyn,East Williamsburg,Boro Zone
2,2023-01-23 21:29:15,01/23/2023 09:43:10 PM,N,1.0,97,256,1.0,2.88,16.3,1.0,0.5,3.76,0.0,,1.0,22.56,1.0,1.0,0.0,1,97,Brooklyn,Fort Greene,Boro Zone
2,2023-01-04 15:23:50,01/04/2023 03:39:47 PM,N,1.0,97,181,1.0,1.52,14.9,0.0,0.5,1.0,0.0,,0.3,16.7,1.0,1.0,0.0,1,97,Brooklyn,Fort Greene,Boro Zone
2,2023-01-04 05:07:46,01/04/2023 05:32:21 AM,N,1.0,55,25,1.0,12.8,49.9,1.0,0.5,0.0,0.0,,1.0,52.4,2.0,1.0,0.0,1,55,Brooklyn,Coney Island,Boro Zone
2,2023-01-17 16:40:51,01/17/2023 04:55:35 PM,N,1.0,97,225,1.0,2.14,10.5,1.0,0.5,2.46,0.0,,0.3,14.76,1.0,1.0,0.0,1,97,Brooklyn,Fort Greene,Boro Zone
2,2023-01-22 17:14:09,01/22/2023 05:38:39 PM,N,1.0,65,107,1.0,4.07,25.4,0.0,0.5,5.93,0.0,,1.0,35.58,1.0,1.0,2.75,1,65,Brooklyn,Downtown Brooklyn/MetroTech,Boro Zone
2,2023-01-28 00:53:03,01/28/2023 01:06:02 AM,N,1.0,25,255,1.0,3.96,18.4,1.0,0.5,4.18,0.0,,1.0,25.08,1.0,1.0,0.0,1,25,Brooklyn,Boerum Hill,Boro Zone
2,2023-01-15 16:10:52,01/15/2023 04:18:20 PM,N,1.0,65,97,1.0,0.96,8.6,0.0,0.5,0.0,0.0,,1.0,10.1,1.0,1.0,0.0,1,65,Brooklyn,Downtown Brooklyn/MetroTech,Boro Zone
2,2023-01-29 12:35:32,01/29/2023 12:51:20 PM,N,1.0,97,228,1.0,2.91,17.7,0.0,0.5,3.84,0.0,,1.0,23.04,1.0,1.0,0.0,1,97,Brooklyn,Fort Greene,Boro Zone
2,2023-01-22 03:53:38,01/22/2023 03:55:29 AM,N,1.0,255,255,1.0,0.41,4.4,1.0,0.5,0.0,0.0,,1.0,6.9,2.0,1.0,0.0,1,255,Brooklyn,Williamsburg (North Side),Boro Zone
2,2023-01-21 15:36:41,01/21/2023 03:51:51 PM,N,1.0,65,106,1.0,1.9,15.6,0.0,0.5,0.0,0.0,,1.0,17.1,2.0,1.0,0.0,1,65,Brooklyn,Downtown Brooklyn/MetroTech,Boro Zone
2,2023-01-20 22:59:25,01/20/2023 11:22:21 PM,N,1.0,33,36,2.0,7.27,33.1,1.0,0.5,4.0,0.0,,1.0,39.6,1.0,1.0,0.0,1,33,Brooklyn,Brooklyn Heights,Boro Zone
1,2023-01-17 20:59:07,01/17/2023 09:04:44 PM,N,1.0,210,210,1.0,0.7,5.5,0.5,1.5,0.0,0.0,,1.0,7.5,2.0,1.0,0.0,1,210,Brooklyn,Sheepshead Bay,Boro Zone
2,2023-01-21 14:49:24,01/21/2023 03:04:49 PM,N,1.0,97,181,1.0,0.75,13.5,0.0,0.5,3.75,0.0,,1.0,18.75,1.0,1.0,0.0,1,97,Brooklyn,Fort Greene,Boro Zone
1,2023-01-16 01:10:25,01/16/2023 01:18:29 AM,N,1.0,80,256,1.0,1.8,8.0,0.5,1.5,0.0,0.0,,1.0,10.0,2.0,1.0,0.0,1,80,Brooklyn,East Williamsburg,Boro Zone
1,2023-01-17 11:31:31,01/17/2023 12:01:49 PM,N,1.0,33,255,0.0,4.5,31.0,0.0,1.5,6.5,0.0,,1.0,39.0,1.0,1.0,0.0,1,33,Brooklyn,Brooklyn Heights,Boro Zone
2,2023-01-07 19:21:48,01/07/2023 07:45:46 PM,N,1.0,97,61,1.0,4.08,24.0,0.0,0.5,3.82,0.0,,1.0,29.32,1.0,1.0,0.0,1,97,Brooklyn,Fort Greene,Boro Zone
2,2023-01-05 07:49:00,01/05/2023 08:16:00 AM,,,61,138,,10.81,46.41,0.0,0.0,9.48,0.0,,1.0,56.89,,,,1,61,Brooklyn,Crown Heights North,Boro Zone
2,2023-01-14 18:06:04,01/14/2023 06:08:50 PM,N,1.0,52,52,1.0,0.48,5.1,0.0,0.5,1.32,0.0,,1.0,7.92,1.0,1.0,0.0,1,52,Brooklyn,Cobble Hill,Boro Zone
2,2023-01-04 15:25:44,01/04/2023 03:35:31 PM,N,1.0,97,97,1.0,0.95,10.0,0.0,0.5,2.3,0.0,,1.0,13.8,1.0,1.0,0.0,1,97,Brooklyn,Fort Greene,Boro Zone
2,2023-01-12 23:40:15,01/12/2023 11:43:18 PM,N,1.0,255,255,1.0,0.61,5.1,1.0,0.5,1.9,0.0,,1.0,9.5,1.0,1.0,0.0,1,255,Brooklyn,Williamsburg (North Side),Boro Zone
2,2023-01-24 21:19:46,01/24/2023 09:29:46 PM,N,1.0,97,181,1.0,1.75,12.1,1.0,0.5,4.38,0.0,,1.0,18.98,1.0,1.0,0.0,1,97,Brooklyn,Fort Greene,Boro Zone
2,2023-01-22 12:15:55,01/22/2023 12:23:15 PM,N,1.0,97,181,1.0,1.01,9.3,0.0,0.5,2.16,0.0,,1.0,12.96,1.0,1.0,0.0,1,97,Brooklyn,Fort Greene,Boro Zone
2,2023-01-17 19:01:41,01/17/2023 07:27:39 PM,N,1.0,65,188,1.0,4.0,25.4,2.5,0.5,0.0,0.0,,1.0,29.4,2.0,1.0,0.0,1,65,Brooklyn,Downtown Brooklyn/MetroTech,Boro Zone
2,2023-01-28 15:00:21,01/28/2023 03:14:05 PM,N,1.0,97,189,1.0,1.8,14.2,0.0,0.5,0.0,0.0,,1.0,15.7,2.0,1.0,0.0,1,97,Brooklyn,Fort Greene,Boro Zone
2,2023-01-13 00:10:32,01/13/2023 12:22:01 AM,N,1.0,257,227,1.0,2.2,13.5,1.0,0.5,0.0,0.0,,1.0,16.0,2.0,1.0,0.0,1,257,Brooklyn,Windsor Terrace,Boro Zone
2,2023-01-20 20:20:14,01/20/2023 08:46:26 PM,N,1.0,65,85,1.0,4.22,26.1,1.0,0.5,5.72,0.0,,1.0,34.32,1.0,1.0,0.0,1,65,Brooklyn,Downtown Brooklyn/MetroTech,Boro Zone
1,2023-01-29 01:13:14,01/29/2023 01:31:05 AM,N,1.0,112,7,1.0,6.4,28.9,1.0,1.5,2.0,0.0,,1.0,33.4,1.0,1.0,0.0,1,112,Brooklyn,Greenpoint,Boro Zone
2,2023-01-13 18:08:13,01/13/2023 06:45:11 PM,N,1.0,55,55,2.0,2.99,31.7,2.5,0.5,0.0,0.0,,1.0,35.7,2.0,1.0,0.0,1,55,Brooklyn,Coney Island,Boro Zone
1,2023-01-03 18:52:57,01/03/2023 06:58:40 PM,N,1.0,150,210,1.0,0.8,6.0,1.0,1.5,0.0,0.0,,1.0,8.5,2.0,1.0,0.0,1,150,Brooklyn,Manhattan Beach,Boro Zone
2,2023-01-24 12:56:07,01/24/2023 01:17:08 PM,N,1.0,66,79,1.0,3.29,22.6,0.0,0.5,5.23,0.0,,0.3,31.38,1.0,1.0,2.75,1,66,Brooklyn,DUMBO/Vinegar Hill,Boro Zone
1,2023-01-05 18:57:34,01/05/2023 07:09:33 PM,N,1.0,97,49,1.0,1.5,10.7,2.5,1.5,2.9,0.0,,1.0,17.6,1.0,1.0,0.0,1,97,Brooklyn,Fort Greene,Boro Zone
2,2023-01-24 19:41:57,01/24/2023 08:08:50 PM,N,1.0,97,61,1.0,3.2,25.4,2.5,0.5,5.88,0.0,,1.0,35.28,1.0,1.0,0.0,1,97,Brooklyn,Fort Greene,Boro Zone
2,2023-01-23 09:16:00,01/23/2023 09:57:00 AM,,,39,170,,14.58,66.04,0.0,0.0,1.47,6.55,,1.0,77.81,,,,1,39,Brooklyn,Canarsie,Boro Zone
2,2023-01-04 12:19:53,01/04/2023 12:24:19 PM,N,1.0,97,97,1.0,0.7,6.5,0.0,0.5,0.0,0.0,,1.0,8.0,2.0,1.0,0.0,1,97,Brooklyn,Fort Greene,Boro Zone
2,2023-01-22 11:19:07,01/22/2023 11:29:34 AM,N,1.0,97,181,1.0,1.69,12.1,0.0,0.5,2.72,0.0,,1.0,16.32,1.0,1.0,0.0,1,97,Brooklyn,Fort Greene,Boro Zone
2,2023-01-20 21:03:25,01/20/2023 09:26:53 PM,N,5.0,97,37,3.0,3.39,30.0,0.0,0.0,2.0,0.0,,0.3,32.3,1.0,2.0,0.0,1,97,Brooklyn,Fort Greene,Boro Zone
2,2023-01-24 01:02:34,01/24/2023 01:06:14 AM,N,1.0,89,71,1.0,0.53,5.1,1.0,0.5,1.52,0.0,,1.0,9.12,1.0,1.0,0.0,1,89,Brooklyn,Flatbush/Ditmas Park,Boro Zone
2,2023-01-11 09:36:11,01/11/2023 10:04:06 AM,N,1.0,55,39,1.0,10.56,46.4,0.0,0.5,0.0,0.0,,1.0,47.9,2.0,1.0,0.0,1,55,Brooklyn,Coney Island,Boro Zone
2,2023-01-01 01:23:22,01/01/2023 01:54:19 AM,N,1.0,66,41,1.0,10.96,46.4,1.0,0.5,10.33,0.0,,1.0,61.98,1.0,1.0,2.75,1,66,Brooklyn,DUMBO/Vinegar Hill,Boro Zone
2,2023-01-15 14:03:11,01/15/2023 02:10:29 PM,N,1.0,97,97,1.0,0.94,8.6,0.0,0.5,2.52,0.0,,1.0,12.62,1.0,1.0,0.0,1,97,Brooklyn,Fort Greene,Boro Zone
2,2023-01-16 02:01:22,01/16/2023 02:07:45 AM,N,1.0,65,33,1.0,1.1,8.6,1.0,0.5,2.22,0.0,,1.0,13.32,1.0,1.0,0.0,1,65,Brooklyn,Downtown Brooklyn/MetroTech,Boro Zone
2,2023-01-25 13:37:16,01/25/2023 01:48:32 PM,N,1.0,97,49,1.0,1.41,11.4,0.0,0.5,3.66,0.0,,0.3,15.86,1.0,1.0,0.0,1,97,Brooklyn,Fort Greene,Boro Zone
1,2023-01-24 15:29:57,01/24/2023 03:37:58 PM,N,1.0,97,65,1.0,0.6,7.9,0.0,1.5,0.47,0.0,,1.0,9.87,1.0,1.0,0.0,1,97,Brooklyn,Fort Greene,Boro Zone
2,2023-01-11 18:52:00,01/11/2023 07:13:12 PM,N,1.0,25,114,2.0,3.46,21.2,2.5,0.5,6.99,0.0,,1.0,34.94,1.0,1.0,2.75,1,25,Brooklyn,Boerum Hill,Boro Zone
2,2023-01-23 20:49:23,01/23/2023 09:00:47 PM,N,1.0,65,97,1.0,1.5,12.1,1.0,0.5,3.65,0.0,,1.0,18.25,1.0,1.0,0.0,1,65,Brooklyn,Downtown Brooklyn/MetroTech,Boro Zone
1,2023-01-25 11:19:19,01/25/2023 11:26:00 AM,N,1.0,33,33,2.0,0.3,5.8,0.0,1.5,0.0,0.0,,1.0,7.3,2.0,1.0,0.0,1,33,Brooklyn,Brooklyn Heights,Boro Zone
1,2023-01-12 14:23:52,01/12/2023 02:49:52 PM,N,1.0,177,97,1.0,0.0,18.2,0.0,1.5,0.0,0.0,,1.0,19.7,1.0,1.0,0.0,1,177,Brooklyn,Ocean Hill,Boro Zone
1,2023-01-17 13:41:58,01/17/2023 02:03:22 PM,N,1.0,155,210,2.0,0.0,17.7,0.0,1.5,0.0,0.0,,1.0,19.2,2.0,1.0,0.0,1,155,Brooklyn,Marine Park/Mill Basin,Boro Zone
1,2023-01-08 18:14:17,01/08/2023 06:31:24 PM,N,1.0,65,188,3.0,2.7,16.3,0.0,1.5,0.0,0.0,,1.0,17.8,1.0,1.0,0.0,1,65,Brooklyn,Downtown Brooklyn/MetroTech,Boro Zone
1,2023-01-18 10:22:35,01/18/2023 10:46:26 AM,N,1.0,33,189,1.0,0.0,15.2,0.0,1.5,0.0,0.0,,1.0,16.7,1.0,1.0,0.0,1,33,Brooklyn,Brooklyn Heights,Boro Zone
1,2023-01-04 13:54:30,01/04/2023 02:07:49 PM,N,1.0,33,40,1.0,1.1,10.7,0.0,1.5,2.4,0.0,,1.0,14.6,1.0,1.0,0.0,1,33,Brooklyn,Brooklyn Heights,Boro Zone
2,2023-01-21 21:10:48,01/21/2023 09:42:39 PM,N,1.0,97,26,1.0,9.71,42.9,1.0,0.5,9.08,0.0,,1.0,54.48,1.0,1.0,0.0,1,97,Brooklyn,Fort Greene,Boro Zone
2,2023-01-21 03:37:00,01/21/2023 03:55:00 AM,,,80,209,,6.25,32.36,0.0,0.0,2.0,0.0,,1.0,38.11,,,,1,80,Brooklyn,East Williamsburg,Boro Zone
2,2023-01-09 17:56:13,01/09/2023 06:16:14 PM,N,1.0,33,189,1.0,2.29,19.1,2.5,0.5,4.62,0.0,,1.0,27.72,1.0,1.0,0.0,1,33,Brooklyn,Brooklyn Heights,Boro Zone
1,2023-01-27 18:16:24,01/27/2023 06:42:52 PM,N,1.0,65,148,1.0,0.0,21.2,5.25,1.5,5.55,0.0,,1.0,33.5,1.0,1.0,2.75,1,65,Brooklyn,Downtown Brooklyn/MetroTech,Boro Zone
2,2023-01-04 17:47:59,01/04/2023 06:02:17 PM,N,5.0,181,257,2.0,2.13,20.0,0.0,0.0,4.2,0.0,,1.0,25.2,1.0,2.0,0.0,1,181,Brooklyn,Park Slope,Boro Zone
2,2023-01-09 19:30:55,01/09/2023 07:43:20 PM,N,1.0,33,181,1.0,1.49,12.1,2.5,0.5,0.0,0.0,,1.0,16.1,2.0,1.0,0.0,1,33,Brooklyn,Brooklyn Heights,Boro Zone
2,2023-01-17 18:08:03,01/17/2023 06:08:34 PM,N,1.0,49,49,1.0,0.0,3.0,2.5,0.5,10.0,0.0,,1.0,17.0,1.0,1.0,0.0,1,49,Brooklyn,Clinton Hill,Boro Zone
2,2023-01-05 08:07:00,01/05/2023 08:23:00 AM,,,33,67,,7.88,30.74,0.0,0.0,6.35,0.0,,1.0,38.09,,,,1,33,Brooklyn,Brooklyn Heights,Boro Zone
2,2023-01-17 13:10:22,01/17/2023 01:26:35 PM,N,1.0,65,61,1.0,1.97,15.6,0.0,0.5,0.0,0.0,,1.0,17.1,1.0,1.0,0.0,1,65,Brooklyn,Downtown Brooklyn/MetroTech,Boro Zone
1,2023-01-13 08:57:16,01/13/2023 09:03:23 AM,N,1.0,210,29,1.0,1.0,7.9,0.0,1.5,0.0,0.0,,1.0,9.4,1.0,1.0,0.0,1,210,Brooklyn,Sheepshead Bay,Boro Zone
2,2023-01-28 13:14:00,01/28/2023 01:44:00 PM,,,61,132,,10.08,37.06,0.0,0.0,5.71,0.0,,1.0,43.77,,,,1,61,Brooklyn,Crown Heights North,Boro Zone
2,2023-01-28 10:02:15,01/28/2023 10:07:31 AM,N,1.0,97,97,2.0,0.71,7.2,0.0,0.5,0.0,0.0,,1.0,8.7,2.0,1.0,0.0,1,97,Brooklyn,Fort Greene,Boro Zone
2,2023-01-21 17:33:53,01/21/2023 05:45:30 PM,N,1.0,65,49,1.0,1.83,12.8,0.0,0.5,2.86,0.0,,1.0,17.16,1.0,1.0,0.0,1,65,Brooklyn,Downtown Brooklyn/MetroTech,Boro Zone
2,2023-01-06 14:22:17,01/06/2023 02:32:05 PM,N,1.0,97,65,2.0,1.34,9.3,0.0,0.5,0.0,0.0,,1.0,10.8,2.0,1.0,0.0,1,97,Brooklyn,Fort Greene,Boro Zone
2,2023-01-20 08:52:00,01/20/2023 09:18:00 AM,,,97,138,,10.96,44.5,0.0,0.0,10.41,6.55,,1.0,62.46,,,,1,97,Brooklyn,Fort Greene,Boro Zone
2,2023-01-20 12:18:22,01/20/2023 12:32:34 PM,N,1.0,61,181,1.0,1.95,13.5,0.0,0.5,3.0,0.0,,1.0,18.0,1.0,1.0,0.0,1,61,Brooklyn,Crown Heights North,Boro Zone
1,2023-01-05 18:28:20,01/05/2023 06:54:19 PM,N,1.0,65,37,1.0,4.0,21.2,2.5,1.5,0.0,0.0,,1.0,25.2,2.0,1.0,0.0,1,65,Brooklyn,Downtown Brooklyn/MetroTech,Boro Zone
1,2023-01-13 14:12:18,01/13/2023 02:31:25 PM,N,1.0,65,225,1.0,2.7,16.3,0.0,1.5,3.55,0.0,,1.0,21.35,1.0,1.0,0.0,1,65,Brooklyn,Downtown Brooklyn/MetroTech,Boro Zone
2,2023-01-21 15:43:00,01/21/2023 04:16:29 PM,N,1.0,65,89,2.0,3.59,30.3,0.0,0.5,0.0,0.0,,0.3,31.1,2.0,1.0,0.0,1,65,Brooklyn,Downtown Brooklyn/MetroTech,Boro Zone
1,2023-01-18 17:56:49,01/18/2023 06:10:42 PM,N,1.0,97,49,1.0,1.7,12.1,2.5,1.5,3.2,0.0,,1.0,19.3,1.0,1.0,0.0,1,97,Brooklyn,Fort Greene,Boro Zone
2,2023-01-25 17:57:00,01/25/2023 06:17:00 PM,,,89,189,,2.89,20.55,0.0,0.0,4.31,0.0,,1.0,25.86,,,,1,89,Brooklyn,Flatbush/Ditmas Park,Boro Zone
2,2023-01-14 11:29:37,01/14/2023 12:01:47 PM,N,1.0,181,141,1.0,9.95,44.3,0.0,0.5,9.71,0.0,,1.0,58.26,1.0,1.0,2.75,1,181,Brooklyn,Park Slope,Boro Zone
2,2023-01-19 14:31:00,01/19/2023 02:51:00 PM,,,65,225,,3.47,23.56,0.0,0.0,4.91,0.0,,1.0,29.47,,,,1,65,Brooklyn,Downtown Brooklyn/MetroTech,Boro Zone
1,2023-01-17 19:11:18,01/17/2023 07:21:12 PM,N,1.0,65,97,2.0,1.2,9.3,2.5,1.5,0.0,0.0,,1.0,13.3,2.0,1.0,0.0,1,65,Brooklyn,Downtown Brooklyn/MetroTech,Boro Zone
2,2023-01-25 22:41:01,01/25/2023 10:49:49 PM,N,1.0,55,55,1.0,1.02,10.0,1.0,0.5,0.0,0.0,,1.0,12.5,2.0,1.0,0.0,1,55,Brooklyn,Coney Island,Boro Zone
